history,player,chosen,outcome,chosen_payoff,A,B,C,D,E,F
,1,A,AAAF,9,9,9,9,9,9,9
A,2,A,AAAF,9,9,9,9,9,9,9
B,2,A,BAAF,13,13,5,11,10,11,11
C,2,A,CAAF,13,13,10,11/2,10,10,10
D,2,A,DAAF,13,13,10,11,5,11,11
E,2,A,EAAF,23/2,23/2,9,9,9,7,9
F,2,A,FAAE,23/2,23/2,9,9,9,9,7
AA,3,A,AAAF,9,9,9,9,9,9,9
AB,3,A,ABAF,13,13,5,11,10,11,11
AC,3,A,ACAF,13,13,10,11/2,10,10,10
AD,3,A,ADAF,13,13,10,11,5,11,11
AE,3,A,AEAF,23/2,23/2,9,9,9,7,9
AF,3,A,AFAE,23/2,23/2,9,9,9,9,7
BA,3,A,BAAF,13,13,5,11,10,11,11
BB,3,A,BBAA,15,15,10/3,11,10,38/3,38/3
BC,3,A,BCAA,15,15,5,11/2,10,11,11
BD,3,A,BDAA,15,15,5,11,5,12,12
BE,3,A,BEAA,13,13,14/3,9,9,23/3,61/6
BF,3,A,BFAA,13,13,14/3,9,9,61/6,23/3
CA,3,A,CAAF,13,13,10,11/2,10,10,10
CB,3,A,CBAA,15,15,5,11/2,10,11,11
CC,3,A,CCAA,15,15,10,11/3,10,34/3,34/3
CD,3,A,CDAA,15,15,10,11/2,5,11,11
CE,3,A,CEAA,13,13,9,29/6,9,22/3,53/6
CF,3,A,CFAA,13,13,9,29/6,9,53/6,22/3
DA,3,A,DAAF,13,13,10,11,5,11,11
DB,3,A,DBAA,15,15,5,11,5,12,12
DC,3,A,DCAA,15,15,10,11/2,5,11,11
DD,3,A,DDAA,15,15,10,11,10/3,38/3,38/3
DE,3,A,DEAA,13,13,9,9,14/3,23/3,61/6
DF,3,A,DFAA,13,13,9,9,14/3,61/6,23/3
EA,3,A,EAAF,23/2,23/2,9,9,9,7,9
EB,3,A,EBAA,13,13,14/3,9,9,23/3,61/6
EC,3,A,ECAA,13,13,9,29/6,9,22/3,53/6
ED,3,A,EDAA,13,13,9,9,14/3,23/3,61/6
EE,3,A,EEAA,12,12,26/3,25/3,26/3,17/3,55/6
EF,3,A,EFAA,23/2,23/2,26/3,22/3,26/3,20/3,20/3
FA,3,A,FAAE,23/2,23/2,9,9,9,9,7
FB,3,A,FBAA,13,13,14/3,9,9,61/6,23/3
FC,3,A,FCAA,13,13,9,29/6,9,53/6,22/3
FD,3,A,FDAA,13,13,9,9,14/3,61/6,23/3
FE,3,A,FEAA,23/2,23/2,26/3,22/3,26/3,20/3,20/3
FF,3,A,FFAA,12,12,26/3,25/3,26/3,55/6,17/3
AAA,4,F,AAAF,11,15/2,10,11,10,11,11
AAB,4,F,AABF,11,10,5,11,10,11,11
AAC,4,F,AACF,10,10,10,11/2,10,10,10
AAD,4,F,AADF,11,10,10,11,5,11,11
AAE,4,F,AAEF,9,9,9,9,9,7,9
AAF,4,E,AAFE,9,9,9,9,9,9,7
ABA,4,F,ABAF,11,10,5,11,10,11,11
ABB,4,A,ABBA,15,15,10/3,11,10,38/3,38/3
ABC,4,A,ABCA,15,15,5,11/2,10,11,11
ABD,4,A,ABDA,15,15,5,11,5,12,12
ABE,4,A,ABEA,13,13,14/3,9,9,23/3,61/6
ABF,4,A,ABFA,13,13,14/3,9,9,61/6,23/3
ACA,4,F,ACAF,10,10,10,11/2,10,10,10
ACB,4,A,ACBA,15,15,5,11/2,10,11,11
ACC,4,A,ACCA,15,15,10,11/3,10,34/3,34/3
ACD,4,A,ACDA,15,15,10,11/2,5,11,11
ACE,4,A,ACEA,13,13,9,29/6,9,22/3,53/6
ACF,4,A,ACFA,13,13,9,29/6,9,53/6,22/3
ADA,4,F,ADAF,11,10,10,11,5,11,11
ADB,4,A,ADBA,15,15,5,11,5,12,12
ADC,4,A,ADCA,15,15,10,11/2,5,11,11
ADD,4,A,ADDA,15,15,10,11,10/3,38/3,38/3
ADE,4,A,ADEA,13,13,9,9,14/3,23/3,61/6
ADF,4,A,ADFA,13,13,9,9,14/3,61/6,23/3
AEA,4,F,AEAF,9,9,9,9,9,7,9
AEB,4,A,AEBA,13,13,14/3,9,9,23/3,61/6
AEC,4,A,AECA,13,13,9,29/6,9,22/3,53/6
AED,4,A,AEDA,13,13,9,9,14/3,23/3,61/6
AEE,4,A,AEEA,12,12,26/3,25/3,26/3,17/3,55/6
AEF,4,A,AEFA,23/2,23/2,26/3,22/3,26/3,20/3,20/3
AFA,4,E,AFAE,9,9,9,9,9,9,7
AFB,4,A,AFBA,13,13,14/3,9,9,61/6,23/3
AFC,4,A,AFCA,13,13,9,29/6,9,53/6,22/3
AFD,4,A,AFDA,13,13,9,9,14/3,61/6,23/3
AFE,4,A,AFEA,23/2,23/2,26/3,22/3,26/3,20/3,20/3
AFF,4,A,AFFA,12,12,26/3,25/3,26/3,55/6,17/3
BAA,4,F,BAAF,11,10,5,11,10,11,11
BAB,4,A,BABA,15,15,10/3,11,10,38/3,38/3
BAC,4,A,BACA,15,15,5,11/2,10,11,11
BAD,4,A,BADA,15,15,5,11,5,12,12
BAE,4,A,BAEA,13,13,14/3,9,9,23/3,61/6
BAF,4,A,BAFA,13,13,14/3,9,9,61/6,23/3
BBA,4,A,BBAA,15,15,10/3,11,10,38/3,38/3
BBB,4,A,BBBA,30,30,5/2,11,10,37/2,37/2
BBC,4,A,BBCA,30,30,10/3,11/2,10,50/3,50/3
BBD,4,A,BBDA,30,30,10/3,11,5,53/3,53/3
BBE,4,A,BBEA,24,24,19/6,9,9,19/2,14
BBF,4,A,BBFA,24,24,19/6,9,9,14,19/2
BCA,4,A,BCAA,15,15,5,11/2,10,11,11
BCB,4,A,BCBA,30,30,10/3,11/2,10,50/3,50/3
BCC,4,A,BCCA,30,30,5,11/3,10,49/3,49/3
BCD,4,A,BCDA,30,30,5,11/2,5,16,16
BCE,4,A,BCEA,24,24,14/3,29/6,9,9,25/2
BCF,4,A,BCFA,24,24,14/3,29/6,9,25/2,9
BDA,4,A,BDAA,15,15,5,11,5,12,12
BDB,4,A,BDBA,30,30,10/3,11,5,53/3,53/3
BDC,4,A,BDCA,30,30,5,11/2,5,16,16
BDD,4,A,BDDA,30,30,5,11,10/3,53/3,53/3
BDE,4,A,BDEA,24,24,14/3,9,14/3,28/3,83/6
BDF,4,A,BDFA,24,24,14/3,9,14/3,83/6,28/3
BEA,4,A,BEAA,13,13,14/3,9,9,23/3,61/6
BEB,4,A,BEBA,24,24,19/6,9,9,19/2,14
BEC,4,A,BECA,24,24,14/3,29/6,9,9,25/2
BED,4,A,BEDA,24,24,14/3,9,14/3,28/3,83/6
BEE,4,A,BEEA,22,22,9/2,25/3,26/3,13/2,25/2
BEF,4,A,BEFA,20,20,9/2,22/3,26/3,8,8
BFA,4,A,BFAA,13,13,14/3,9,9,61/6,23/3
BFB,4,A,BFBA,24,24,19/6,9,9,14,19/2
BFC,4,A,BFCA,24,24,14/3,29/6,9,25/2,9
BFD,4,A,BFDA,24,24,14/3,9,14/3,83/6,28/3
BFE,4,A,BFEA,20,20,9/2,22/3,26/3,8,8
BFF,4,A,BFFA,22,22,9/2,25/3,26/3,25/2,13/2
CAA,4,F,CAAF,10,10,10,11/2,10,10,10
CAB,4,A,CABA,15,15,5,11/2,10,11,11
CAC,4,A,CACA,15,15,10,11/3,10,34/3,34/3
CAD,4,A,CADA,15,15,10,11/2,5,11,11
CAE,4,A,CAEA,13,13,9,29/6,9,22/3,53/6
CAF,4,A,CAFA,13,13,9,29/6,9,53/6,22/3
CBA,4,A,CBAA,15,15,5,11/2,10,11,11
CBB,4,A,CBBA,30,30,10/3,11/2,10,50/3,50/3
CBC,4,A,CBCA,30,30,5,11/3,10,49/3,49/3
CBD,4,A,CBDA,30,30,5,11/2,5,16,16
CBE,4,A,CBEA,24,24,14/3,29/6,9,9,25/2
CBF,4,A,CBFA,24,24,14/3,29/6,9,25/2,9
CCA,4,A,CCAA,15,15,10,11/3,10,34/3,34/3
CCB,4,A,CCBA,30,30,5,11/3,10,49/3,49/3
CCC,4,A,CCCA,30,30,10,11/4,10,17,17
CCD,4,A,CCDA,30,30,10,11/3,5,49/3,49/3
CCE,4,A,CCEA,24,24,9,10/3,9,9,49/4
CCF,4,A,CCFA,24,24,9,10/3,9,49/4,9
CDA,4,A,CDAA,15,15,10,11/2,5,11,11
CDB,4,A,CDBA,30,30,5,11/2,5,16,16
CDC,4,A,CDCA,30,30,10,11/3,5,49/3,49/3
CDD,4,A,CDDA,30,30,10,11/2,10/3,50/3,50/3
CDE,4,A,CDEA,24,24,9,29/6,14/3,9,25/2
CDF,4,A,CDFA,24,24,9,29/6,14/3,25/2,9
CEA,4,A,CEAA,13,13,9,29/6,9,22/3,53/6
CEB,4,A,CEBA,24,24,14/3,29/6,9,9,25/2
CEC,4,A,CECA,24,24,9,10/3,9,9,49/4
CED,4,A,CEDA,24,24,9,29/6,14/3,9,25/2
CEE,4,A,CEEA,22,22,26/3,9/2,26/3,19/3,133/12
CEF,4,A,CEFA,20,20,26/3,17/4,26/3,91/12,91/12
CFA,4,A,CFAA,13,13,9,29/6,9,53/6,22/3
CFB,4,A,CFBA,24,24,14/3,29/6,9,25/2,9
CFC,4,A,CFCA,24,24,9,10/3,9,49/4,9
CFD,4,A,CFDA,24,24,9,29/6,14/3,25/2,9
CFE,4,A,CFEA,20,20,26/3,17/4,26/3,91/12,91/12
CFF,4,A,CFFA,22,22,26/3,9/2,26/3,133/12,19/3
DAA,4,F,DAAF,11,10,10,11,5,11,11
DAB,4,A,DABA,15,15,5,11,5,12,12
DAC,4,A,DACA,15,15,10,11/2,5,11,11
DAD,4,A,DADA,15,15,10,11,10/3,38/3,38/3
DAE,4,A,DAEA,13,13,9,9,14/3,23/3,61/6
DAF,4,A,DAFA,13,13,9,9,14/3,61/6,23/3
DBA,4,A,DBAA,15,15,5,11,5,12,12
DBB,4,A,DBBA,30,30,10/3,11,5,53/3,53/3
DBC,4,A,DBCA,30,30,5,11/2,5,16,16
DBD,4,A,DBDA,30,30,5,11,10/3,53/3,53/3
DBE,4,A,DBEA,24,24,14/3,9,14/3,28/3,83/6
DBF,4,A,DBFA,24,24,14/3,9,14/3,83/6,28/3
DCA,4,A,DCAA,15,15,10,11/2,5,11,11
DCB,4,A,DCBA,30,30,5,11/2,5,16,16
DCC,4,A,DCCA,30,30,10,11/3,5,49/3,49/3
DCD,4,A,DCDA,30,30,10,11/2,10/3,50/3,50/3
DCE,4,A,DCEA,24,24,9,29/6,14/3,9,25/2
DCF,4,A,DCFA,24,24,9,29/6,14/3,25/2,9
DDA,4,A,DDAA,15,15,10,11,10/3,38/3,38/3
DDB,4,A,DDBA,30,30,5,11,10/3,53/3,53/3
DDC,4,A,DDCA,30,30,10,11/2,10/3,50/3,50/3
DDD,4,A,DDDA,30,30,10,11,5/2,37/2,37/2
DDE,4,A,DDEA,24,24,9,9,19/6,19/2,14
DDF,4,A,DDFA,24,24,9,9,19/6,14,19/2
DEA,4,A,DEAA,13,13,9,9,14/3,23/3,61/6
DEB,4,A,DEBA,24,24,14/3,9,14/3,28/3,83/6
DEC,4,A,DECA,24,24,9,29/6,14/3,9,25/2
DED,4,A,DEDA,24,24,9,9,19/6,19/2,14
DEE,4,A,DEEA,22,22,26/3,25/3,9/2,13/2,25/2
DEF,4,A,DEFA,20,20,26/3,22/3,9/2,8,8
DFA,4,A,DFAA,13,13,9,9,14/3,61/6,23/3
DFB,4,A,DFBA,24,24,14/3,9,14/3,83/6,28/3
DFC,4,A,DFCA,24,24,9,29/6,14/3,25/2,9
DFD,4,A,DFDA,24,24,9,9,19/6,14,19/2
DFE,4,A,DFEA,20,20,26/3,22/3,9/2,8,8
DFF,4,A,DFFA,22,22,26/3,25/3,9/2,25/2,13/2
EAA,4,F,EAAF,9,9,9,9,9,7,9
EAB,4,A,EABA,13,13,14/3,9,9,23/3,61/6
EAC,4,A,EACA,13,13,9,29/6,9,22/3,53/6
EAD,4,A,EADA,13,13,9,9,14/3,23/3,61/6
EAE,4,A,EAEA,12,12,26/3,25/3,26/3,17/3,55/6
EAF,4,A,EAFA,23/2,23/2,26/3,22/3,26/3,20/3,20/3
EBA,4,A,EBAA,13,13,14/3,9,9,23/3,61/6
EBB,4,A,EBBA,24,24,19/6,9,9,19/2,14
EBC,4,A,EBCA,24,24,14/3,29/6,9,9,25/2
EBD,4,A,EBDA,24,24,14/3,9,14/3,28/3,83/6
EBE,4,A,EBEA,22,22,9/2,25/3,26/3,13/2,25/2
EBF,4,A,EBFA,20,20,9/2,22/3,26/3,8,8
ECA,4,A,ECAA,13,13,9,29/6,9,22/3,53/6
ECB,4,A,ECBA,24,24,14/3,29/6,9,9,25/2
ECC,4,A,ECCA,24,24,9,10/3,9,9,49/4
ECD,4,A,ECDA,24,24,9,29/6,14/3,9,25/2
ECE,4,A,ECEA,22,22,26/3,9/2,26/3,19/3,133/12
ECF,4,A,ECFA,20,20,26/3,17/4,26/3,91/12,91/12
EDA,4,A,EDAA,13,13,9,9,14/3,23/3,61/6
EDB,4,A,EDBA,24,24,14/3,9,14/3,28/3,83/6
EDC,4,A,EDCA,24,24,9,29/6,14/3,9,25/2
EDD,4,A,EDDA,24,24,9,9,19/6,19/2,14
EDE,4,A,EDEA,22,22,26/3,25/3,9/2,13/2,25/2
EDF,4,A,EDFA,20,20,26/3,22/3,9/2,8,8
EEA,4,A,EEAA,12,12,26/3,25/3,26/3,17/3,55/6
EEB,4,A,EEBA,22,22,9/2,25/3,26/3,13/2,25/2
EEC,4,A,EECA,22,22,26/3,9/2,26/3,19/3,133/12
EED,4,A,EEDA,22,22,26/3,25/3,9/2,13/2,25/2
EEE,4,A,EEEA,21,21,17/2,8,17/2,5,47/4
EEF,4,A,EEFA,37/2,37/2,17/2,27/4,17/2,23/4,29/4
EFA,4,A,EFAA,23/2,23/2,26/3,22/3,26/3,20/3,20/3
EFB,4,A,EFBA,20,20,9/2,22/3,26/3,8,8
EFC,4,A,EFCA,20,20,26/3,17/4,26/3,91/12,91/12
EFD,4,A,EFDA,20,20,26/3,22/3,9/2,8,8
EFE,4,A,EFEA,37/2,37/2,17/2,27/4,17/2,23/4,29/4
EFF,4,A,EFFA,37/2,37/2,17/2,27/4,17/2,29/4,23/4
FAA,4,E,FAAE,9,9,9,9,9,9,7
FAB,4,A,FABA,13,13,14/3,9,9,61/6,23/3
FAC,4,A,FACA,13,13,9,29/6,9,53/6,22/3
FAD,4,A,FADA,13,13,9,9,14/3,61/6,23/3
FAE,4,A,FAEA,23/2,23/2,26/3,22/3,26/3,20/3,20/3
FAF,4,A,FAFA,12,12,26/3,25/3,26/3,55/6,17/3
FBA,4,A,FBAA,13,13,14/3,9,9,61/6,23/3
FBB,4,A,FBBA,24,24,19/6,9,9,14,19/2
FBC,4,A,FBCA,24,24,14/3,29/6,9,25/2,9
FBD,4,A,FBDA,24,24,14/3,9,14/3,83/6,28/3
FBE,4,A,FBEA,20,20,9/2,22/3,26/3,8,8
FBF,4,A,FBFA,22,22,9/2,25/3,26/3,25/2,13/2
FCA,4,A,FCAA,13,13,9,29/6,9,53/6,22/3
FCB,4,A,FCBA,24,24,14/3,29/6,9,25/2,9
FCC,4,A,FCCA,24,24,9,10/3,9,49/4,9
FCD,4,A,FCDA,24,24,9,29/6,14/3,25/2,9
FCE,4,A,FCEA,20,20,26/3,17/4,26/3,91/12,91/12
FCF,4,A,FCFA,22,22,26/3,9/2,26/3,133/12,19/3
FDA,4,A,FDAA,13,13,9,9,14/3,61/6,23/3
FDB,4,A,FDBA,24,24,14/3,9,14/3,83/6,28/3
FDC,4,A,FDCA,24,24,9,29/6,14/3,25/2,9
FDD,4,A,FDDA,24,24,9,9,19/6,14,19/2
FDE,4,A,FDEA,20,20,26/3,22/3,9/2,8,8
FDF,4,A,FDFA,22,22,26/3,25/3,9/2,25/2,13/2
FEA,4,A,FEAA,23/2,23/2,26/3,22/3,26/3,20/3,20/3
FEB,4,A,FEBA,20,20,9/2,22/3,26/3,8,8
FEC,4,A,FECA,20,20,26/3,17/4,26/3,91/12,91/12
FED,4,A,FEDA,20,20,26/3,22/3,9/2,8,8
FEE,4,A,FEEA,37/2,37/2,17/2,27/4,17/2,23/4,29/4
FEF,4,A,FEFA,37/2,37/2,17/2,27/4,17/2,29/4,23/4
FFA,4,A,FFAA,12,12,26/3,25/3,26/3,55/6,17/3
FFB,4,A,FFBA,22,22,9/2,25/3,26/3,25/2,13/2
FFC,4,A,FFCA,22,22,26/3,9/2,26/3,133/12,19/3
FFD,4,A,FFDA,22,22,26/3,25/3,9/2,25/2,13/2
FFE,4,A,FFEA,37/2,37/2,17/2,27/4,17/2,29/4,23/4
FFF,4,A,FFFA,21,21,17/2,8,17/2,47/4,5
