history,player,chosen,alternative,actual_outcome,deviation_outcome,actual_payoff,deviation_payoff,margin,passes
,1,A,B,AAAF,BAAF,9,9,0,True
,1,A,C,AAAF,CAAF,9,9,0,True
,1,A,D,AAAF,DAAF,9,9,0,True
,1,A,E,AAAF,EAAF,9,9,0,True
,1,A,F,AAAF,FAAE,9,9,0,True
A,2,A,B,AAAF,ABAF,9,9,0,True
A,2,A,C,AAAF,ACAF,9,9,0,True
A,2,A,D,AAAF,ADAF,9,9,0,True
A,2,A,E,AAAF,AEAF,9,9,0,True
A,2,A,F,AAAF,AFAE,9,9,0,True
B,2,A,B,BAAF,BBAA,13,5,8,True
B,2,A,C,BAAF,BCAA,13,11,2,True
B,2,A,D,BAAF,BDAA,13,10,3,True
B,2,A,E,BAAF,BEAA,13,11,2,True
B,2,A,F,BAAF,BFAA,13,11,2,True
C,2,A,B,CAAF,CBAA,13,10,3,True
C,2,A,C,CAAF,CCAA,13,11/2,15/2,True
C,2,A,D,CAAF,CDAA,13,10,3,True
C,2,A,E,CAAF,CEAA,13,10,3,True
C,2,A,F,CAAF,CFAA,13,10,3,True
D,2,A,B,DAAF,DBAA,13,10,3,True
D,2,A,C,DAAF,DCAA,13,11,2,True
D,2,A,D,DAAF,DDAA,13,5,8,True
D,2,A,E,DAAF,DEAA,13,11,2,True
D,2,A,F,DAAF,DFAA,13,11,2,True
E,2,A,B,EAAF,EBAA,23/2,9,5/2,True
E,2,A,C,EAAF,ECAA,23/2,9,5/2,True
E,2,A,D,EAAF,EDAA,23/2,9,5/2,True
E,2,A,E,EAAF,EEAA,23/2,7,9/2,True
E,2,A,F,EAAF,EFAA,23/2,9,5/2,True
F,2,A,B,FAAE,FBAA,23/2,9,5/2,True
F,2,A,C,FAAE,FCAA,23/2,9,5/2,True
F,2,A,D,FAAE,FDAA,23/2,9,5/2,True
F,2,A,E,FAAE,FEAA,23/2,9,5/2,True
F,2,A,F,FAAE,FFAA,23/2,7,9/2,True
AA,3,A,B,AAAF,AABF,9,9,0,True
AA,3,A,C,AAAF,AACF,9,9,0,True
AA,3,A,D,AAAF,AADF,9,9,0,True
AA,3,A,E,AAAF,AAEF,9,9,0,True
AA,3,A,F,AAAF,AAFE,9,9,0,True
AB,3,A,B,ABAF,ABBA,13,5,8,True
AB,3,A,C,ABAF,ABCA,13,11,2,True
AB,3,A,D,ABAF,ABDA,13,10,3,True
AB,3,A,E,ABAF,ABEA,13,11,2,True
AB,3,A,F,ABAF,ABFA,13,11,2,True
AC,3,A,B,ACAF,ACBA,13,10,3,True
AC,3,A,C,ACAF,ACCA,13,11/2,15/2,True
AC,3,A,D,ACAF,ACDA,13,10,3,True
AC,3,A,E,ACAF,ACEA,13,10,3,True
AC,3,A,F,ACAF,ACFA,13,10,3,True
AD,3,A,B,ADAF,ADBA,13,10,3,True
AD,3,A,C,ADAF,ADCA,13,11,2,True
AD,3,A,D,ADAF,ADDA,13,5,8,True
AD,3,A,E,ADAF,ADEA,13,11,2,True
AD,3,A,F,ADAF,ADFA,13,11,2,True
AE,3,A,B,AEAF,AEBA,23/2,9,5/2,True
AE,3,A,C,AEAF,AECA,23/2,9,5/2,True
AE,3,A,D,AEAF,AEDA,23/2,9,5/2,True
AE,3,A,E,AEAF,AEEA,23/2,7,9/2,True
AE,3,A,F,AEAF,AEFA,23/2,9,5/2,True
AF,3,A,B,AFAE,AFBA,23/2,9,5/2,True
AF,3,A,C,AFAE,AFCA,23/2,9,5/2,True
AF,3,A,D,AFAE,AFDA,23/2,9,5/2,True
AF,3,A,E,AFAE,AFEA,23/2,9,5/2,True
AF,3,A,F,AFAE,AFFA,23/2,7,9/2,True
BA,3,A,B,BAAF,BABA,13,5,8,True
BA,3,A,C,BAAF,BACA,13,11,2,True
BA,3,A,D,BAAF,BADA,13,10,3,True
BA,3,A,E,BAAF,BAEA,13,11,2,True
BA,3,A,F,BAAF,BAFA,13,11,2,True
BB,3,A,B,BBAA,BBBA,15,10/3,35/3,True
BB,3,A,C,BBAA,BBCA,15,11,4,True
BB,3,A,D,BBAA,BBDA,15,10,5,True
BB,3,A,E,BBAA,BBEA,15,38/3,7/3,True
BB,3,A,F,BBAA,BBFA,15,38/3,7/3,True
BC,3,A,B,BCAA,BCBA,15,5,10,True
BC,3,A,C,BCAA,BCCA,15,11/2,19/2,True
BC,3,A,D,BCAA,BCDA,15,10,5,True
BC,3,A,E,BCAA,BCEA,15,11,4,True
BC,3,A,F,BCAA,BCFA,15,11,4,True
BD,3,A,B,BDAA,BDBA,15,5,10,True
BD,3,A,C,BDAA,BDCA,15,11,4,True
BD,3,A,D,BDAA,BDDA,15,5,10,True
BD,3,A,E,BDAA,BDEA,15,12,3,True
BD,3,A,F,BDAA,BDFA,15,12,3,True
BE,3,A,B,BEAA,BEBA,13,14/3,25/3,True
BE,3,A,C,BEAA,BECA,13,9,4,True
BE,3,A,D,BEAA,BEDA,13,9,4,True
BE,3,A,E,BEAA,BEEA,13,23/3,16/3,True
BE,3,A,F,BEAA,BEFA,13,61/6,17/6,True
BF,3,A,B,BFAA,BFBA,13,14/3,25/3,True
BF,3,A,C,BFAA,BFCA,13,9,4,True
BF,3,A,D,BFAA,BFDA,13,9,4,True
BF,3,A,E,BFAA,BFEA,13,61/6,17/6,True
BF,3,A,F,BFAA,BFFA,13,23/3,16/3,True
CA,3,A,B,CAAF,CABA,13,10,3,True
CA,3,A,C,CAAF,CACA,13,11/2,15/2,True
CA,3,A,D,CAAF,CADA,13,10,3,True
CA,3,A,E,CAAF,CAEA,13,10,3,True
CA,3,A,F,CAAF,CAFA,13,10,3,True
CB,3,A,B,CBAA,CBBA,15,5,10,True
CB,3,A,C,CBAA,CBCA,15,11/2,19/2,True
CB,3,A,D,CBAA,CBDA,15,10,5,True
CB,3,A,E,CBAA,CBEA,15,11,4,True
CB,3,A,F,CBAA,CBFA,15,11,4,True
CC,3,A,B,CCAA,CCBA,15,10,5,True
CC,3,A,C,CCAA,CCCA,15,11/3,34/3,True
CC,3,A,D,CCAA,CCDA,15,10,5,True
CC,3,A,E,CCAA,CCEA,15,34/3,11/3,True
CC,3,A,F,CCAA,CCFA,15,34/3,11/3,True
CD,3,A,B,CDAA,CDBA,15,10,5,True
CD,3,A,C,CDAA,CDCA,15,11/2,19/2,True
CD,3,A,D,CDAA,CDDA,15,5,10,True
CD,3,A,E,CDAA,CDEA,15,11,4,True
CD,3,A,F,CDAA,CDFA,15,11,4,True
CE,3,A,B,CEAA,CEBA,13,9,4,True
CE,3,A,C,CEAA,CECA,13,29/6,49/6,True
CE,3,A,D,CEAA,CEDA,13,9,4,True
CE,3,A,E,CEAA,CEEA,13,22/3,17/3,True
CE,3,A,F,CEAA,CEFA,13,53/6,25/6,True
CF,3,A,B,CFAA,CFBA,13,9,4,True
CF,3,A,C,CFAA,CFCA,13,29/6,49/6,True
CF,3,A,D,CFAA,CFDA,13,9,4,True
CF,3,A,E,CFAA,CFEA,13,53/6,25/6,True
CF,3,A,F,CFAA,CFFA,13,22/3,17/3,True
DA,3,A,B,DAAF,DABA,13,10,3,True
DA,3,A,C,DAAF,DACA,13,11,2,True
DA,3,A,D,DAAF,DADA,13,5,8,True
DA,3,A,E,DAAF,DAEA,13,11,2,True
DA,3,A,F,DAAF,DAFA,13,11,2,True
DB,3,A,B,DBAA,DBBA,15,5,10,True
DB,3,A,C,DBAA,DBCA,15,11,4,True
DB,3,A,D,DBAA,DBDA,15,5,10,True
DB,3,A,E,DBAA,DBEA,15,12,3,True
DB,3,A,F,DBAA,DBFA,15,12,3,True
DC,3,A,B,DCAA,DCBA,15,10,5,True
DC,3,A,C,DCAA,DCCA,15,11/2,19/2,True
DC,3,A,D,DCAA,DCDA,15,5,10,True
DC,3,A,E,DCAA,DCEA,15,11,4,True
DC,3,A,F,DCAA,DCFA,15,11,4,True
DD,3,A,B,DDAA,DDBA,15,10,5,True
DD,3,A,C,DDAA,DDCA,15,11,4,True
DD,3,A,D,DDAA,DDDA,15,10/3,35/3,True
DD,3,A,E,DDAA,DDEA,15,38/3,7/3,True
DD,3,A,F,DDAA,DDFA,15,38/3,7/3,True
DE,3,A,B,DEAA,DEBA,13,9,4,True
DE,3,A,C,DEAA,DECA,13,9,4,True
DE,3,A,D,DEAA,DEDA,13,14/3,25/3,True
DE,3,A,E,DEAA,DEEA,13,23/3,16/3,True
DE,3,A,F,DEAA,DEFA,13,61/6,17/6,True
DF,3,A,B,DFAA,DFBA,13,9,4,True
DF,3,A,C,DFAA,DFCA,13,9,4,True
DF,3,A,D,DFAA,DFDA,13,14/3,25/3,True
DF,3,A,E,DFAA,DFEA,13,61/6,17/6,True
DF,3,A,F,DFAA,DFFA,13,23/3,16/3,True
EA,3,A,B,EAAF,EABA,23/2,9,5/2,True
EA,3,A,C,EAAF,EACA,23/2,9,5/2,True
EA,3,A,D,EAAF,EADA,23/2,9,5/2,True
EA,3,A,E,EAAF,EAEA,23/2,7,9/2,True
EA,3,A,F,EAAF,EAFA,23/2,9,5/2,True
EB,3,A,B,EBAA,EBBA,13,14/3,25/3,True
EB,3,A,C,EBAA,EBCA,13,9,4,True
EB,3,A,D,EBAA,EBDA,13,9,4,True
EB,3,A,E,EBAA,EBEA,13,23/3,16/3,True
EB,3,A,F,EBAA,EBFA,13,61/6,17/6,True
EC,3,A,B,ECAA,ECBA,13,9,4,True
EC,3,A,C,ECAA,ECCA,13,29/6,49/6,True
EC,3,A,D,ECAA,ECDA,13,9,4,True
EC,3,A,E,ECAA,ECEA,13,22/3,17/3,True
EC,3,A,F,ECAA,ECFA,13,53/6,25/6,True
ED,3,A,B,EDAA,EDBA,13,9,4,True
ED,3,A,C,EDAA,EDCA,13,9,4,True
ED,3,A,D,EDAA,EDDA,13,14/3,25/3,True
ED,3,A,E,EDAA,EDEA,13,23/3,16/3,True
ED,3,A,F,EDAA,EDFA,13,61/6,17/6,True
EE,3,A,B,EEAA,EEBA,12,26/3,10/3,True
EE,3,A,C,EEAA,EECA,12,25/3,11/3,True
EE,3,A,D,EEAA,EEDA,12,26/3,10/3,True
EE,3,A,E,EEAA,EEEA,12,17/3,19/3,True
EE,3,A,F,EEAA,EEFA,12,55/6,17/6,True
EF,3,A,B,EFAA,EFBA,23/2,26/3,17/6,True
EF,3,A,C,EFAA,EFCA,23/2,22/3,25/6,True
EF,3,A,D,EFAA,EFDA,23/2,26/3,17/6,True
EF,3,A,E,EFAA,EFEA,23/2,20/3,29/6,True
EF,3,A,F,EFAA,EFFA,23/2,20/3,29/6,True
FA,3,A,B,FAAE,FABA,23/2,9,5/2,True
FA,3,A,C,FAAE,FACA,23/2,9,5/2,True
FA,3,A,D,FAAE,FADA,23/2,9,5/2,True
FA,3,A,E,FAAE,FAEA,23/2,9,5/2,True
FA,3,A,F,FAAE,FAFA,23/2,7,9/2,True
FB,3,A,B,FBAA,FBBA,13,14/3,25/3,True
FB,3,A,C,FBAA,FBCA,13,9,4,True
FB,3,A,D,FBAA,FBDA,13,9,4,True
FB,3,A,E,FBAA,FBEA,13,61/6,17/6,True
FB,3,A,F,FBAA,FBFA,13,23/3,16/3,True
FC,3,A,B,FCAA,FCBA,13,9,4,True
FC,3,A,C,FCAA,FCCA,13,29/6,49/6,True
FC,3,A,D,FCAA,FCDA,13,9,4,True
FC,3,A,E,FCAA,FCEA,13,53/6,25/6,True
FC,3,A,F,FCAA,FCFA,13,22/3,17/3,True
FD,3,A,B,FDAA,FDBA,13,9,4,True
FD,3,A,C,FDAA,FDCA,13,9,4,True
FD,3,A,D,FDAA,FDDA,13,14/3,25/3,True
FD,3,A,E,FDAA,FDEA,13,61/6,17/6,True
FD,3,A,F,FDAA,FDFA,13,23/3,16/3,True
FE,3,A,B,FEAA,FEBA,23/2,26/3,17/6,True
FE,3,A,C,FEAA,FECA,23/2,22/3,25/6,True
FE,3,A,D,FEAA,FEDA,23/2,26/3,17/6,True
FE,3,A,E,FEAA,FEEA,23/2,20/3,29/6,True
FE,3,A,F,FEAA,FEFA,23/2,20/3,29/6,True
FF,3,A,B,FFAA,FFBA,12,26/3,10/3,True
FF,3,A,C,FFAA,FFCA,12,25/3,11/3,True
FF,3,A,D,FFAA,FFDA,12,26/3,10/3,True
FF,3,A,E,FFAA,FFEA,12,55/6,17/6,True
FF,3,A,F,FFAA,FFFA,12,17/3,19/3,True
AAA,4,F,A,AAAF,AAAA,11,15/2,7/2,True
AAA,4,F,B,AAAF,AAAB,11,10,1,True
AAA,4,F,C,AAAF,AAAC,11,11,0,True
AAA,4,F,D,AAAF,AAAD,11,10,1,True
AAA,4,F,E,AAAF,AAAE,11,11,0,True
AAB,4,F,A,AABF,AABA,11,10,1,True
AAB,4,F,B,AABF,AABB,11,5,6,True
AAB,4,F,C,AABF,AABC,11,11,0,True
AAB,4,F,D,AABF,AABD,11,10,1,True
AAB,4,F,E,AABF,AABE,11,11,0,True
AAC,4,F,A,AACF,AACA,10,10,0,True
AAC,4,F,B,AACF,AACB,10,10,0,True
AAC,4,F,C,AACF,AACC,10,11/2,9/2,True
AAC,4,F,D,AACF,AACD,10,10,0,True
AAC,4,F,E,AACF,AACE,10,10,0,True
AAD,4,F,A,AADF,AADA,11,10,1,True
AAD,4,F,B,AADF,AADB,11,10,1,True
AAD,4,F,C,AADF,AADC,11,11,0,True
AAD,4,F,D,AADF,AADD,11,5,6,True
AAD,4,F,E,AADF,AADE,11,11,0,True
AAE,4,F,A,AAEF,AAEA,9,9,0,True
AAE,4,F,B,AAEF,AAEB,9,9,0,True
AAE,4,F,C,AAEF,AAEC,9,9,0,True
AAE,4,F,D,AAEF,AAED,9,9,0,True
AAE,4,F,E,AAEF,AAEE,9,7,2,True
AAF,4,E,A,AAFE,AAFA,9,9,0,True
AAF,4,E,B,AAFE,AAFB,9,9,0,True
AAF,4,E,C,AAFE,AAFC,9,9,0,True
AAF,4,E,D,AAFE,AAFD,9,9,0,True
AAF,4,E,F,AAFE,AAFF,9,7,2,True
ABA,4,F,A,ABAF,ABAA,11,10,1,True
ABA,4,F,B,ABAF,ABAB,11,5,6,True
ABA,4,F,C,ABAF,ABAC,11,11,0,True
ABA,4,F,D,ABAF,ABAD,11,10,1,True
ABA,4,F,E,ABAF,ABAE,11,11,0,True
ABB,4,A,B,ABBA,ABBB,15,10/3,35/3,True
ABB,4,A,C,ABBA,ABBC,15,11,4,True
ABB,4,A,D,ABBA,ABBD,15,10,5,True
ABB,4,A,E,ABBA,ABBE,15,38/3,7/3,True
ABB,4,A,F,ABBA,ABBF,15,38/3,7/3,True
ABC,4,A,B,ABCA,ABCB,15,5,10,True
ABC,4,A,C,ABCA,ABCC,15,11/2,19/2,True
ABC,4,A,D,ABCA,ABCD,15,10,5,True
ABC,4,A,E,ABCA,ABCE,15,11,4,True
ABC,4,A,F,ABCA,ABCF,15,11,4,True
ABD,4,A,B,ABDA,ABDB,15,5,10,True
ABD,4,A,C,ABDA,ABDC,15,11,4,True
ABD,4,A,D,ABDA,ABDD,15,5,10,True
ABD,4,A,E,ABDA,ABDE,15,12,3,True
ABD,4,A,F,ABDA,ABDF,15,12,3,True
ABE,4,A,B,ABEA,ABEB,13,14/3,25/3,True
ABE,4,A,C,ABEA,ABEC,13,9,4,True
ABE,4,A,D,ABEA,ABED,13,9,4,True
ABE,4,A,E,ABEA,ABEE,13,23/3,16/3,True
ABE,4,A,F,ABEA,ABEF,13,61/6,17/6,True
ABF,4,A,B,ABFA,ABFB,13,14/3,25/3,True
ABF,4,A,C,ABFA,ABFC,13,9,4,True
ABF,4,A,D,ABFA,ABFD,13,9,4,True
ABF,4,A,E,ABFA,ABFE,13,61/6,17/6,True
ABF,4,A,F,ABFA,ABFF,13,23/3,16/3,True
ACA,4,F,A,ACAF,ACAA,10,10,0,True
ACA,4,F,B,ACAF,ACAB,10,10,0,True
ACA,4,F,C,ACAF,ACAC,10,11/2,9/2,True
ACA,4,F,D,ACAF,ACAD,10,10,0,True
ACA,4,F,E,ACAF,ACAE,10,10,0,True
ACB,4,A,B,ACBA,ACBB,15,5,10,True
ACB,4,A,C,ACBA,ACBC,15,11/2,19/2,True
ACB,4,A,D,ACBA,ACBD,15,10,5,True
ACB,4,A,E,ACBA,ACBE,15,11,4,True
ACB,4,A,F,ACBA,ACBF,15,11,4,True
ACC,4,A,B,ACCA,ACCB,15,10,5,True
ACC,4,A,C,ACCA,ACCC,15,11/3,34/3,True
ACC,4,A,D,ACCA,ACCD,15,10,5,True
ACC,4,A,E,ACCA,ACCE,15,34/3,11/3,True
ACC,4,A,F,ACCA,ACCF,15,34/3,11/3,True
ACD,4,A,B,ACDA,ACDB,15,10,5,True
ACD,4,A,C,ACDA,ACDC,15,11/2,19/2,True
ACD,4,A,D,ACDA,ACDD,15,5,10,True
ACD,4,A,E,ACDA,ACDE,15,11,4,True
ACD,4,A,F,ACDA,ACDF,15,11,4,True
ACE,4,A,B,ACEA,ACEB,13,9,4,True
ACE,4,A,C,ACEA,ACEC,13,29/6,49/6,True
ACE,4,A,D,ACEA,ACED,13,9,4,True
ACE,4,A,E,ACEA,ACEE,13,22/3,17/3,True
ACE,4,A,F,ACEA,ACEF,13,53/6,25/6,True
ACF,4,A,B,ACFA,ACFB,13,9,4,True
ACF,4,A,C,ACFA,ACFC,13,29/6,49/6,True
ACF,4,A,D,ACFA,ACFD,13,9,4,True
ACF,4,A,E,ACFA,ACFE,13,53/6,25/6,True
ACF,4,A,F,ACFA,ACFF,13,22/3,17/3,True
ADA,4,F,A,ADAF,ADAA,11,10,1,True
ADA,4,F,B,ADAF,ADAB,11,10,1,True
ADA,4,F,C,ADAF,ADAC,11,11,0,True
ADA,4,F,D,ADAF,ADAD,11,5,6,True
ADA,4,F,E,ADAF,ADAE,11,11,0,True
ADB,4,A,B,ADBA,ADBB,15,5,10,True
ADB,4,A,C,ADBA,ADBC,15,11,4,True
ADB,4,A,D,ADBA,ADBD,15,5,10,True
ADB,4,A,E,ADBA,ADBE,15,12,3,True
ADB,4,A,F,ADBA,ADBF,15,12,3,True
ADC,4,A,B,ADCA,ADCB,15,10,5,True
ADC,4,A,C,ADCA,ADCC,15,11/2,19/2,True
ADC,4,A,D,ADCA,ADCD,15,5,10,True
ADC,4,A,E,ADCA,ADCE,15,11,4,True
ADC,4,A,F,ADCA,ADCF,15,11,4,True
ADD,4,A,B,ADDA,ADDB,15,10,5,True
ADD,4,A,C,ADDA,ADDC,15,11,4,True
ADD,4,A,D,ADDA,ADDD,15,10/3,35/3,True
ADD,4,A,E,ADDA,ADDE,15,38/3,7/3,True
ADD,4,A,F,ADDA,ADDF,15,38/3,7/3,True
ADE,4,A,B,ADEA,ADEB,13,9,4,True
ADE,4,A,C,ADEA,ADEC,13,9,4,True
ADE,4,A,D,ADEA,ADED,13,14/3,25/3,True
ADE,4,A,E,ADEA,ADEE,13,23/3,16/3,True
ADE,4,A,F,ADEA,ADEF,13,61/6,17/6,True
ADF,4,A,B,ADFA,ADFB,13,9,4,True
ADF,4,A,C,ADFA,ADFC,13,9,4,True
ADF,4,A,D,ADFA,ADFD,13,14/3,25/3,True
ADF,4,A,E,ADFA,ADFE,13,61/6,17/6,True
ADF,4,A,F,ADFA,ADFF,13,23/3,16/3,True
AEA,4,F,A,AEAF,AEAA,9,9,0,True
AEA,4,F,B,AEAF,AEAB,9,9,0,True
AEA,4,F,C,AEAF,AEAC,9,9,0,True
AEA,4,F,D,AEAF,AEAD,9,9,0,True
AEA,4,F,E,AEAF,AEAE,9,7,2,True
AEB,4,A,B,AEBA,AEBB,13,14/3,25/3,True
AEB,4,A,C,AEBA,AEBC,13,9,4,True
AEB,4,A,D,AEBA,AEBD,13,9,4,True
AEB,4,A,E,AEBA,AEBE,13,23/3,16/3,True
AEB,4,A,F,AEBA,AEBF,13,61/6,17/6,True
AEC,4,A,B,AECA,AECB,13,9,4,True
AEC,4,A,C,AECA,AECC,13,29/6,49/6,True
AEC,4,A,D,AECA,AECD,13,9,4,True
AEC,4,A,E,AECA,AECE,13,22/3,17/3,True
AEC,4,A,F,AECA,AECF,13,53/6,25/6,True
AED,4,A,B,AEDA,AEDB,13,9,4,True
AED,4,A,C,AEDA,AEDC,13,9,4,True
AED,4,A,D,AEDA,AEDD,13,14/3,25/3,True
AED,4,A,E,AEDA,AEDE,13,23/3,16/3,True
AED,4,A,F,AEDA,AEDF,13,61/6,17/6,True
AEE,4,A,B,AEEA,AEEB,12,26/3,10/3,True
AEE,4,A,C,AEEA,AEEC,12,25/3,11/3,True
AEE,4,A,D,AEEA,AEED,12,26/3,10/3,True
AEE,4,A,E,AEEA,AEEE,12,17/3,19/3,True
AEE,4,A,F,AEEA,AEEF,12,55/6,17/6,True
AEF,4,A,B,AEFA,AEFB,23/2,26/3,17/6,True
AEF,4,A,C,AEFA,AEFC,23/2,22/3,25/6,True
AEF,4,A,D,AEFA,AEFD,23/2,26/3,17/6,True
AEF,4,A,E,AEFA,AEFE,23/2,20/3,29/6,True
AEF,4,A,F,AEFA,AEFF,23/2,20/3,29/6,True
AFA,4,E,A,AFAE,AFAA,9,9,0,True
AFA,4,E,B,AFAE,AFAB,9,9,0,True
AFA,4,E,C,AFAE,AFAC,9,9,0,True
AFA,4,E,D,AFAE,AFAD,9,9,0,True
AFA,4,E,F,AFAE,AFAF,9,7,2,True
AFB,4,A,B,AFBA,AFBB,13,14/3,25/3,True
AFB,4,A,C,AFBA,AFBC,13,9,4,True
AFB,4,A,D,AFBA,AFBD,13,9,4,True
AFB,4,A,E,AFBA,AFBE,13,61/6,17/6,True
AFB,4,A,F,AFBA,AFBF,13,23/3,16/3,True
AFC,4,A,B,AFCA,AFCB,13,9,4,True
AFC,4,A,C,AFCA,AFCC,13,29/6,49/6,True
AFC,4,A,D,AFCA,AFCD,13,9,4,True
AFC,4,A,E,AFCA,AFCE,13,53/6,25/6,True
AFC,4,A,F,AFCA,AFCF,13,22/3,17/3,True
AFD,4,A,B,AFDA,AFDB,13,9,4,True
AFD,4,A,C,AFDA,AFDC,13,9,4,True
AFD,4,A,D,AFDA,AFDD,13,14/3,25/3,True
AFD,4,A,E,AFDA,AFDE,13,61/6,17/6,True
AFD,4,A,F,AFDA,AFDF,13,23/3,16/3,True
AFE,4,A,B,AFEA,AFEB,23/2,26/3,17/6,True
AFE,4,A,C,AFEA,AFEC,23/2,22/3,25/6,True
AFE,4,A,D,AFEA,AFED,23/2,26/3,17/6,True
AFE,4,A,E,AFEA,AFEE,23/2,20/3,29/6,True
AFE,4,A,F,AFEA,AFEF,23/2,20/3,29/6,True
AFF,4,A,B,AFFA,AFFB,12,26/3,10/3,True
AFF,4,A,C,AFFA,AFFC,12,25/3,11/3,True
AFF,4,A,D,AFFA,AFFD,12,26/3,10/3,True
AFF,4,A,E,AFFA,AFFE,12,55/6,17/6,True
AFF,4,A,F,AFFA,AFFF,12,17/3,19/3,True
BAA,4,F,A,BAAF,BAAA,11,10,1,True
BAA,4,F,B,BAAF,BAAB,11,5,6,True
BAA,4,F,C,BAAF,BAAC,11,11,0,True
BAA,4,F,D,BAAF,BAAD,11,10,1,True
BAA,4,F,E,BAAF,BAAE,11,11,0,True
BAB,4,A,B,BABA,BABB,15,10/3,35/3,True
BAB,4,A,C,BABA,BABC,15,11,4,True
BAB,4,A,D,BABA,BABD,15,10,5,True
BAB,4,A,E,BABA,BABE,15,38/3,7/3,True
BAB,4,A,F,BABA,BABF,15,38/3,7/3,True
BAC,4,A,B,BACA,BACB,15,5,10,True
BAC,4,A,C,BACA,BACC,15,11/2,19/2,True
BAC,4,A,D,BACA,BACD,15,10,5,True
BAC,4,A,E,BACA,BACE,15,11,4,True
BAC,4,A,F,BACA,BACF,15,11,4,True
BAD,4,A,B,BADA,BADB,15,5,10,True
BAD,4,A,C,BADA,BADC,15,11,4,True
BAD,4,A,D,BADA,BADD,15,5,10,True
BAD,4,A,E,BADA,BADE,15,12,3,True
BAD,4,A,F,BADA,BADF,15,12,3,True
BAE,4,A,B,BAEA,BAEB,13,14/3,25/3,True
BAE,4,A,C,BAEA,BAEC,13,9,4,True
BAE,4,A,D,BAEA,BAED,13,9,4,True
BAE,4,A,E,BAEA,BAEE,13,23/3,16/3,True
BAE,4,A,F,BAEA,BAEF,13,61/6,17/6,True
BAF,4,A,B,BAFA,BAFB,13,14/3,25/3,True
BAF,4,A,C,BAFA,BAFC,13,9,4,True
BAF,4,A,D,BAFA,BAFD,13,9,4,True
BAF,4,A,E,BAFA,BAFE,13,61/6,17/6,True
BAF,4,A,F,BAFA,BAFF,13,23/3,16/3,True
BBA,4,A,B,BBAA,BBAB,15,10/3,35/3,True
BBA,4,A,C,BBAA,BBAC,15,11,4,True
BBA,4,A,D,BBAA,BBAD,15,10,5,True
BBA,4,A,E,BBAA,BBAE,15,38/3,7/3,True
BBA,4,A,F,BBAA,BBAF,15,38/3,7/3,True
BBB,4,A,B,BBBA,BBBB,30,5/2,55/2,True
BBB,4,A,C,BBBA,BBBC,30,11,19,True
BBB,4,A,D,BBBA,BBBD,30,10,20,True
BBB,4,A,E,BBBA,BBBE,30,37/2,23/2,True
BBB,4,A,F,BBBA,BBBF,30,37/2,23/2,True
BBC,4,A,B,BBCA,BBCB,30,10/3,80/3,True
BBC,4,A,C,BBCA,BBCC,30,11/2,49/2,True
BBC,4,A,D,BBCA,BBCD,30,10,20,True
BBC,4,A,E,BBCA,BBCE,30,50/3,40/3,True
BBC,4,A,F,BBCA,BBCF,30,50/3,40/3,True
BBD,4,A,B,BBDA,BBDB,30,10/3,80/3,True
BBD,4,A,C,BBDA,BBDC,30,11,19,True
BBD,4,A,D,BBDA,BBDD,30,5,25,True
BBD,4,A,E,BBDA,BBDE,30,53/3,37/3,True
BBD,4,A,F,BBDA,BBDF,30,53/3,37/3,True
BBE,4,A,B,BBEA,BBEB,24,19/6,125/6,True
BBE,4,A,C,BBEA,BBEC,24,9,15,True
BBE,4,A,D,BBEA,BBED,24,9,15,True
BBE,4,A,E,BBEA,BBEE,24,19/2,29/2,True
BBE,4,A,F,BBEA,BBEF,24,14,10,True
BBF,4,A,B,BBFA,BBFB,24,19/6,125/6,True
BBF,4,A,C,BBFA,BBFC,24,9,15,True
BBF,4,A,D,BBFA,BBFD,24,9,15,True
BBF,4,A,E,BBFA,BBFE,24,14,10,True
BBF,4,A,F,BBFA,BBFF,24,19/2,29/2,True
BCA,4,A,B,BCAA,BCAB,15,5,10,True
BCA,4,A,C,BCAA,BCAC,15,11/2,19/2,True
BCA,4,A,D,BCAA,BCAD,15,10,5,True
BCA,4,A,E,BCAA,BCAE,15,11,4,True
BCA,4,A,F,BCAA,BCAF,15,11,4,True
BCB,4,A,B,BCBA,BCBB,30,10/3,80/3,True
BCB,4,A,C,BCBA,BCBC,30,11/2,49/2,True
BCB,4,A,D,BCBA,BCBD,30,10,20,True
BCB,4,A,E,BCBA,BCBE,30,50/3,40/3,True
BCB,4,A,F,BCBA,BCBF,30,50/3,40/3,True
BCC,4,A,B,BCCA,BCCB,30,5,25,True
BCC,4,A,C,BCCA,BCCC,30,11/3,79/3,True
BCC,4,A,D,BCCA,BCCD,30,10,20,True
BCC,4,A,E,BCCA,BCCE,30,49/3,41/3,True
BCC,4,A,F,BCCA,BCCF,30,49/3,41/3,True
BCD,4,A,B,BCDA,BCDB,30,5,25,True
BCD,4,A,C,BCDA,BCDC,30,11/2,49/2,True
BCD,4,A,D,BCDA,BCDD,30,5,25,True
BCD,4,A,E,BCDA,BCDE,30,16,14,True
BCD,4,A,F,BCDA,BCDF,30,16,14,True
BCE,4,A,B,BCEA,BCEB,24,14/3,58/3,True
BCE,4,A,C,BCEA,BCEC,24,29/6,115/6,True
BCE,4,A,D,BCEA,BCED,24,9,15,True
BCE,4,A,E,BCEA,BCEE,24,9,15,True
BCE,4,A,F,BCEA,BCEF,24,25/2,23/2,True
BCF,4,A,B,BCFA,BCFB,24,14/3,58/3,True
BCF,4,A,C,BCFA,BCFC,24,29/6,115/6,True
BCF,4,A,D,BCFA,BCFD,24,9,15,True
BCF,4,A,E,BCFA,BCFE,24,25/2,23/2,True
BCF,4,A,F,BCFA,BCFF,24,9,15,True
BDA,4,A,B,BDAA,BDAB,15,5,10,True
BDA,4,A,C,BDAA,BDAC,15,11,4,True
BDA,4,A,D,BDAA,BDAD,15,5,10,True
BDA,4,A,E,BDAA,BDAE,15,12,3,True
BDA,4,A,F,BDAA,BDAF,15,12,3,True
BDB,4,A,B,BDBA,BDBB,30,10/3,80/3,True
BDB,4,A,C,BDBA,BDBC,30,11,19,True
BDB,4,A,D,BDBA,BDBD,30,5,25,True
BDB,4,A,E,BDBA,BDBE,30,53/3,37/3,True
BDB,4,A,F,BDBA,BDBF,30,53/3,37/3,True
BDC,4,A,B,BDCA,BDCB,30,5,25,True
BDC,4,A,C,BDCA,BDCC,30,11/2,49/2,True
BDC,4,A,D,BDCA,BDCD,30,5,25,True
BDC,4,A,E,BDCA,BDCE,30,16,14,True
BDC,4,A,F,BDCA,BDCF,30,16,14,True
BDD,4,A,B,BDDA,BDDB,30,5,25,True
BDD,4,A,C,BDDA,BDDC,30,11,19,True
BDD,4,A,D,BDDA,BDDD,30,10/3,80/3,True
BDD,4,A,E,BDDA,BDDE,30,53/3,37/3,True
BDD,4,A,F,BDDA,BDDF,30,53/3,37/3,True
BDE,4,A,B,BDEA,BDEB,24,14/3,58/3,True
BDE,4,A,C,BDEA,BDEC,24,9,15,True
BDE,4,A,D,BDEA,BDED,24,14/3,58/3,True
BDE,4,A,E,BDEA,BDEE,24,28/3,44/3,True
BDE,4,A,F,BDEA,BDEF,24,83/6,61/6,True
BDF,4,A,B,BDFA,BDFB,24,14/3,58/3,True
BDF,4,A,C,BDFA,BDFC,24,9,15,True
BDF,4,A,D,BDFA,BDFD,24,14/3,58/3,True
BDF,4,A,E,BDFA,BDFE,24,83/6,61/6,True
BDF,4,A,F,BDFA,BDFF,24,28/3,44/3,True
BEA,4,A,B,BEAA,BEAB,13,14/3,25/3,True
BEA,4,A,C,BEAA,BEAC,13,9,4,True
BEA,4,A,D,BEAA,BEAD,13,9,4,True
BEA,4,A,E,BEAA,BEAE,13,23/3,16/3,True
BEA,4,A,F,BEAA,BEAF,13,61/6,17/6,True
BEB,4,A,B,BEBA,BEBB,24,19/6,125/6,True
BEB,4,A,C,BEBA,BEBC,24,9,15,True
BEB,4,A,D,BEBA,BEBD,24,9,15,True
BEB,4,A,E,BEBA,BEBE,24,19/2,29/2,True
BEB,4,A,F,BEBA,BEBF,24,14,10,True
BEC,4,A,B,BECA,BECB,24,14/3,58/3,True
BEC,4,A,C,BECA,BECC,24,29/6,115/6,True
BEC,4,A,D,BECA,BECD,24,9,15,True
BEC,4,A,E,BECA,BECE,24,9,15,True
BEC,4,A,F,BECA,BECF,24,25/2,23/2,True
BED,4,A,B,BEDA,BEDB,24,14/3,58/3,True
BED,4,A,C,BEDA,BEDC,24,9,15,True
BED,4,A,D,BEDA,BEDD,24,14/3,58/3,True
BED,4,A,E,BEDA,BEDE,24,28/3,44/3,True
BED,4,A,F,BEDA,BEDF,24,83/6,61/6,True
BEE,4,A,B,BEEA,BEEB,22,9/2,35/2,True
BEE,4,A,C,BEEA,BEEC,22,25/3,41/3,True
BEE,4,A,D,BEEA,BEED,22,26/3,40/3,True
BEE,4,A,E,BEEA,BEEE,22,13/2,31/2,True
BEE,4,A,F,BEEA,BEEF,22,25/2,19/2,True
BEF,4,A,B,BEFA,BEFB,20,9/2,31/2,True
BEF,4,A,C,BEFA,BEFC,20,22/3,38/3,True
BEF,4,A,D,BEFA,BEFD,20,26/3,34/3,True
BEF,4,A,E,BEFA,BEFE,20,8,12,True
BEF,4,A,F,BEFA,BEFF,20,8,12,True
BFA,4,A,B,BFAA,BFAB,13,14/3,25/3,True
BFA,4,A,C,BFAA,BFAC,13,9,4,True
BFA,4,A,D,BFAA,BFAD,13,9,4,True
BFA,4,A,E,BFAA,BFAE,13,61/6,17/6,True
BFA,4,A,F,BFAA,BFAF,13,23/3,16/3,True
BFB,4,A,B,BFBA,BFBB,24,19/6,125/6,True
BFB,4,A,C,BFBA,BFBC,24,9,15,True
BFB,4,A,D,BFBA,BFBD,24,9,15,True
BFB,4,A,E,BFBA,BFBE,24,14,10,True
BFB,4,A,F,BFBA,BFBF,24,19/2,29/2,True
BFC,4,A,B,BFCA,BFCB,24,14/3,58/3,True
BFC,4,A,C,BFCA,BFCC,24,29/6,115/6,True
BFC,4,A,D,BFCA,BFCD,24,9,15,True
BFC,4,A,E,BFCA,BFCE,24,25/2,23/2,True
BFC,4,A,F,BFCA,BFCF,24,9,15,True
BFD,4,A,B,BFDA,BFDB,24,14/3,58/3,True
BFD,4,A,C,BFDA,BFDC,24,9,15,True
BFD,4,A,D,BFDA,BFDD,24,14/3,58/3,True
BFD,4,A,E,BFDA,BFDE,24,83/6,61/6,True
BFD,4,A,F,BFDA,BFDF,24,28/3,44/3,True
BFE,4,A,B,BFEA,BFEB,20,9/2,31/2,True
BFE,4,A,C,BFEA,BFEC,20,22/3,38/3,True
BFE,4,A,D,BFEA,BFED,20,26/3,34/3,True
BFE,4,A,E,BFEA,BFEE,20,8,12,True
BFE,4,A,F,BFEA,BFEF,20,8,12,True
BFF,4,A,B,BFFA,BFFB,22,9/2,35/2,True
BFF,4,A,C,BFFA,BFFC,22,25/3,41/3,True
BFF,4,A,D,BFFA,BFFD,22,26/3,40/3,True
BFF,4,A,E,BFFA,BFFE,22,25/2,19/2,True
BFF,4,A,F,BFFA,BFFF,22,13/2,31/2,True
CAA,4,F,A,CAAF,CAAA,10,10,0,True
CAA,4,F,B,CAAF,CAAB,10,10,0,True
CAA,4,F,C,CAAF,CAAC,10,11/2,9/2,True
CAA,4,F,D,CAAF,CAAD,10,10,0,True
CAA,4,F,E,CAAF,CAAE,10,10,0,True
CAB,4,A,B,CABA,CABB,15,5,10,True
CAB,4,A,C,CABA,CABC,15,11/2,19/2,True
CAB,4,A,D,CABA,CABD,15,10,5,True
CAB,4,A,E,CABA,CABE,15,11,4,True
CAB,4,A,F,CABA,CABF,15,11,4,True
CAC,4,A,B,CACA,CACB,15,10,5,True
CAC,4,A,C,CACA,CACC,15,11/3,34/3,True
CAC,4,A,D,CACA,CACD,15,10,5,True
CAC,4,A,E,CACA,CACE,15,34/3,11/3,True
CAC,4,A,F,CACA,CACF,15,34/3,11/3,True
CAD,4,A,B,CADA,CADB,15,10,5,True
CAD,4,A,C,CADA,CADC,15,11/2,19/2,True
CAD,4,A,D,CADA,CADD,15,5,10,True
CAD,4,A,E,CADA,CADE,15,11,4,True
CAD,4,A,F,CADA,CADF,15,11,4,True
CAE,4,A,B,CAEA,CAEB,13,9,4,True
CAE,4,A,C,CAEA,CAEC,13,29/6,49/6,True
CAE,4,A,D,CAEA,CAED,13,9,4,True
CAE,4,A,E,CAEA,CAEE,13,22/3,17/3,True
CAE,4,A,F,CAEA,CAEF,13,53/6,25/6,True
CAF,4,A,B,CAFA,CAFB,13,9,4,True
CAF,4,A,C,CAFA,CAFC,13,29/6,49/6,True
CAF,4,A,D,CAFA,CAFD,13,9,4,True
CAF,4,A,E,CAFA,CAFE,13,53/6,25/6,True
CAF,4,A,F,CAFA,CAFF,13,22/3,17/3,True
CBA,4,A,B,CBAA,CBAB,15,5,10,True
CBA,4,A,C,CBAA,CBAC,15,11/2,19/2,True
CBA,4,A,D,CBAA,CBAD,15,10,5,True
CBA,4,A,E,CBAA,CBAE,15,11,4,True
CBA,4,A,F,CBAA,CBAF,15,11,4,True
CBB,4,A,B,CBBA,CBBB,30,10/3,80/3,True
CBB,4,A,C,CBBA,CBBC,30,11/2,49/2,True
CBB,4,A,D,CBBA,CBBD,30,10,20,True
CBB,4,A,E,CBBA,CBBE,30,50/3,40/3,True
CBB,4,A,F,CBBA,CBBF,30,50/3,40/3,True
CBC,4,A,B,CBCA,CBCB,30,5,25,True
CBC,4,A,C,CBCA,CBCC,30,11/3,79/3,True
CBC,4,A,D,CBCA,CBCD,30,10,20,True
CBC,4,A,E,CBCA,CBCE,30,49/3,41/3,True
CBC,4,A,F,CBCA,CBCF,30,49/3,41/3,True
CBD,4,A,B,CBDA,CBDB,30,5,25,True
CBD,4,A,C,CBDA,CBDC,30,11/2,49/2,True
CBD,4,A,D,CBDA,CBDD,30,5,25,True
CBD,4,A,E,CBDA,CBDE,30,16,14,True
CBD,4,A,F,CBDA,CBDF,30,16,14,True
CBE,4,A,B,CBEA,CBEB,24,14/3,58/3,True
CBE,4,A,C,CBEA,CBEC,24,29/6,115/6,True
CBE,4,A,D,CBEA,CBED,24,9,15,True
CBE,4,A,E,CBEA,CBEE,24,9,15,True
CBE,4,A,F,CBEA,CBEF,24,25/2,23/2,True
CBF,4,A,B,CBFA,CBFB,24,14/3,58/3,True
CBF,4,A,C,CBFA,CBFC,24,29/6,115/6,True
CBF,4,A,D,CBFA,CBFD,24,9,15,True
CBF,4,A,E,CBFA,CBFE,24,25/2,23/2,True
CBF,4,A,F,CBFA,CBFF,24,9,15,True
CCA,4,A,B,CCAA,CCAB,15,10,5,True
CCA,4,A,C,CCAA,CCAC,15,11/3,34/3,True
CCA,4,A,D,CCAA,CCAD,15,10,5,True
CCA,4,A,E,CCAA,CCAE,15,34/3,11/3,True
CCA,4,A,F,CCAA,CCAF,15,34/3,11/3,True
CCB,4,A,B,CCBA,CCBB,30,5,25,True
CCB,4,A,C,CCBA,CCBC,30,11/3,79/3,True
CCB,4,A,D,CCBA,CCBD,30,10,20,True
CCB,4,A,E,CCBA,CCBE,30,49/3,41/3,True
CCB,4,A,F,CCBA,CCBF,30,49/3,41/3,True
CCC,4,A,B,CCCA,CCCB,30,10,20,True
CCC,4,A,C,CCCA,CCCC,30,11/4,109/4,True
CCC,4,A,D,CCCA,CCCD,30,10,20,True
CCC,4,A,E,CCCA,CCCE,30,17,13,True
CCC,4,A,F,CCCA,CCCF,30,17,13,True
CCD,4,A,B,CCDA,CCDB,30,10,20,True
CCD,4,A,C,CCDA,CCDC,30,11/3,79/3,True
CCD,4,A,D,CCDA,CCDD,30,5,25,True
CCD,4,A,E,CCDA,CCDE,30,49/3,41/3,True
CCD,4,A,F,CCDA,CCDF,30,49/3,41/3,True
CCE,4,A,B,CCEA,CCEB,24,9,15,True
CCE,4,A,C,CCEA,CCEC,24,10/3,62/3,True
CCE,4,A,D,CCEA,CCED,24,9,15,True
CCE,4,A,E,CCEA,CCEE,24,9,15,True
CCE,4,A,F,CCEA,CCEF,24,49/4,47/4,True
CCF,4,A,B,CCFA,CCFB,24,9,15,True
CCF,4,A,C,CCFA,CCFC,24,10/3,62/3,True
CCF,4,A,D,CCFA,CCFD,24,9,15,True
CCF,4,A,E,CCFA,CCFE,24,49/4,47/4,True
CCF,4,A,F,CCFA,CCFF,24,9,15,True
CDA,4,A,B,CDAA,CDAB,15,10,5,True
CDA,4,A,C,CDAA,CDAC,15,11/2,19/2,True
CDA,4,A,D,CDAA,CDAD,15,5,10,True
CDA,4,A,E,CDAA,CDAE,15,11,4,True
CDA,4,A,F,CDAA,CDAF,15,11,4,True
CDB,4,A,B,CDBA,CDBB,30,5,25,True
CDB,4,A,C,CDBA,CDBC,30,11/2,49/2,True
CDB,4,A,D,CDBA,CDBD,30,5,25,True
CDB,4,A,E,CDBA,CDBE,30,16,14,True
CDB,4,A,F,CDBA,CDBF,30,16,14,True
CDC,4,A,B,CDCA,CDCB,30,10,20,True
CDC,4,A,C,CDCA,CDCC,30,11/3,79/3,True
CDC,4,A,D,CDCA,CDCD,30,5,25,True
CDC,4,A,E,CDCA,CDCE,30,49/3,41/3,True
CDC,4,A,F,CDCA,CDCF,30,49/3,41/3,True
CDD,4,A,B,CDDA,CDDB,30,10,20,True
CDD,4,A,C,CDDA,CDDC,30,11/2,49/2,True
CDD,4,A,D,CDDA,CDDD,30,10/3,80/3,True
CDD,4,A,E,CDDA,CDDE,30,50/3,40/3,True
CDD,4,A,F,CDDA,CDDF,30,50/3,40/3,True
CDE,4,A,B,CDEA,CDEB,24,9,15,True
CDE,4,A,C,CDEA,CDEC,24,29/6,115/6,True
CDE,4,A,D,CDEA,CDED,24,14/3,58/3,True
CDE,4,A,E,CDEA,CDEE,24,9,15,True
CDE,4,A,F,CDEA,CDEF,24,25/2,23/2,True
CDF,4,A,B,CDFA,CDFB,24,9,15,True
CDF,4,A,C,CDFA,CDFC,24,29/6,115/6,True
CDF,4,A,D,CDFA,CDFD,24,14/3,58/3,True
CDF,4,A,E,CDFA,CDFE,24,25/2,23/2,True
CDF,4,A,F,CDFA,CDFF,24,9,15,True
CEA,4,A,B,CEAA,CEAB,13,9,4,True
CEA,4,A,C,CEAA,CEAC,13,29/6,49/6,True
CEA,4,A,D,CEAA,CEAD,13,9,4,True
CEA,4,A,E,CEAA,CEAE,13,22/3,17/3,True
CEA,4,A,F,CEAA,CEAF,13,53/6,25/6,True
CEB,4,A,B,CEBA,CEBB,24,14/3,58/3,True
CEB,4,A,C,CEBA,CEBC,24,29/6,115/6,True
CEB,4,A,D,CEBA,CEBD,24,9,15,True
CEB,4,A,E,CEBA,CEBE,24,9,15,True
CEB,4,A,F,CEBA,CEBF,24,25/2,23/2,True
CEC,4,A,B,CECA,CECB,24,9,15,True
CEC,4,A,C,CECA,CECC,24,10/3,62/3,True
CEC,4,A,D,CECA,CECD,24,9,15,True
CEC,4,A,E,CECA,CECE,24,9,15,True
CEC,4,A,F,CECA,CECF,24,49/4,47/4,True
CED,4,A,B,CEDA,CEDB,24,9,15,True
CED,4,A,C,CEDA,CEDC,24,29/6,115/6,True
CED,4,A,D,CEDA,CEDD,24,14/3,58/3,True
CED,4,A,E,CEDA,CEDE,24,9,15,True
CED,4,A,F,CEDA,CEDF,24,25/2,23/2,True
CEE,4,A,B,CEEA,CEEB,22,26/3,40/3,True
CEE,4,A,C,CEEA,CEEC,22,9/2,35/2,True
CEE,4,A,D,CEEA,CEED,22,26/3,40/3,True
CEE,4,A,E,CEEA,CEEE,22,19/3,47/3,True
CEE,4,A,F,CEEA,CEEF,22,133/12,131/12,True
CEF,4,A,B,CEFA,CEFB,20,26/3,34/3,True
CEF,4,A,C,CEFA,CEFC,20,17/4,63/4,True
CEF,4,A,D,CEFA,CEFD,20,26/3,34/3,True
CEF,4,A,E,CEFA,CEFE,20,91/12,149/12,True
CEF,4,A,F,CEFA,CEFF,20,91/12,149/12,True
CFA,4,A,B,CFAA,CFAB,13,9,4,True
CFA,4,A,C,CFAA,CFAC,13,29/6,49/6,True
CFA,4,A,D,CFAA,CFAD,13,9,4,True
CFA,4,A,E,CFAA,CFAE,13,53/6,25/6,True
CFA,4,A,F,CFAA,CFAF,13,22/3,17/3,True
CFB,4,A,B,CFBA,CFBB,24,14/3,58/3,True
CFB,4,A,C,CFBA,CFBC,24,29/6,115/6,True
CFB,4,A,D,CFBA,CFBD,24,9,15,True
CFB,4,A,E,CFBA,CFBE,24,25/2,23/2,True
CFB,4,A,F,CFBA,CFBF,24,9,15,True
CFC,4,A,B,CFCA,CFCB,24,9,15,True
CFC,4,A,C,CFCA,CFCC,24,10/3,62/3,True
CFC,4,A,D,CFCA,CFCD,24,9,15,True
CFC,4,A,E,CFCA,CFCE,24,49/4,47/4,True
CFC,4,A,F,CFCA,CFCF,24,9,15,True
CFD,4,A,B,CFDA,CFDB,24,9,15,True
CFD,4,A,C,CFDA,CFDC,24,29/6,115/6,True
CFD,4,A,D,CFDA,CFDD,24,14/3,58/3,True
CFD,4,A,E,CFDA,CFDE,24,25/2,23/2,True
CFD,4,A,F,CFDA,CFDF,24,9,15,True
CFE,4,A,B,CFEA,CFEB,20,26/3,34/3,True
CFE,4,A,C,CFEA,CFEC,20,17/4,63/4,True
CFE,4,A,D,CFEA,CFED,20,26/3,34/3,True
CFE,4,A,E,CFEA,CFEE,20,91/12,149/12,True
CFE,4,A,F,CFEA,CFEF,20,91/12,149/12,True
CFF,4,A,B,CFFA,CFFB,22,26/3,40/3,True
CFF,4,A,C,CFFA,CFFC,22,9/2,35/2,True
CFF,4,A,D,CFFA,CFFD,22,26/3,40/3,True
CFF,4,A,E,CFFA,CFFE,22,133/12,131/12,True
CFF,4,A,F,CFFA,CFFF,22,19/3,47/3,True
DAA,4,F,A,DAAF,DAAA,11,10,1,True
DAA,4,F,B,DAAF,DAAB,11,10,1,True
DAA,4,F,C,DAAF,DAAC,11,11,0,True
DAA,4,F,D,DAAF,DAAD,11,5,6,True
DAA,4,F,E,DAAF,DAAE,11,11,0,True
DAB,4,A,B,DABA,DABB,15,5,10,True
DAB,4,A,C,DABA,DABC,15,11,4,True
DAB,4,A,D,DABA,DABD,15,5,10,True
DAB,4,A,E,DABA,DABE,15,12,3,True
DAB,4,A,F,DABA,DABF,15,12,3,True
DAC,4,A,B,DACA,DACB,15,10,5,True
DAC,4,A,C,DACA,DACC,15,11/2,19/2,True
DAC,4,A,D,DACA,DACD,15,5,10,True
DAC,4,A,E,DACA,DACE,15,11,4,True
DAC,4,A,F,DACA,DACF,15,11,4,True
DAD,4,A,B,DADA,DADB,15,10,5,True
DAD,4,A,C,DADA,DADC,15,11,4,True
DAD,4,A,D,DADA,DADD,15,10/3,35/3,True
DAD,4,A,E,DADA,DADE,15,38/3,7/3,True
DAD,4,A,F,DADA,DADF,15,38/3,7/3,True
DAE,4,A,B,DAEA,DAEB,13,9,4,True
DAE,4,A,C,DAEA,DAEC,13,9,4,True
DAE,4,A,D,DAEA,DAED,13,14/3,25/3,True
DAE,4,A,E,DAEA,DAEE,13,23/3,16/3,True
DAE,4,A,F,DAEA,DAEF,13,61/6,17/6,True
DAF,4,A,B,DAFA,DAFB,13,9,4,True
DAF,4,A,C,DAFA,DAFC,13,9,4,True
DAF,4,A,D,DAFA,DAFD,13,14/3,25/3,True
DAF,4,A,E,DAFA,DAFE,13,61/6,17/6,True
DAF,4,A,F,DAFA,DAFF,13,23/3,16/3,True
DBA,4,A,B,DBAA,DBAB,15,5,10,True
DBA,4,A,C,DBAA,DBAC,15,11,4,True
DBA,4,A,D,DBAA,DBAD,15,5,10,True
DBA,4,A,E,DBAA,DBAE,15,12,3,True
DBA,4,A,F,DBAA,DBAF,15,12,3,True
DBB,4,A,B,DBBA,DBBB,30,10/3,80/3,True
DBB,4,A,C,DBBA,DBBC,30,11,19,True
DBB,4,A,D,DBBA,DBBD,30,5,25,True
DBB,4,A,E,DBBA,DBBE,30,53/3,37/3,True
DBB,4,A,F,DBBA,DBBF,30,53/3,37/3,True
DBC,4,A,B,DBCA,DBCB,30,5,25,True
DBC,4,A,C,DBCA,DBCC,30,11/2,49/2,True
DBC,4,A,D,DBCA,DBCD,30,5,25,True
DBC,4,A,E,DBCA,DBCE,30,16,14,True
DBC,4,A,F,DBCA,DBCF,30,16,14,True
DBD,4,A,B,DBDA,DBDB,30,5,25,True
DBD,4,A,C,DBDA,DBDC,30,11,19,True
DBD,4,A,D,DBDA,DBDD,30,10/3,80/3,True
DBD,4,A,E,DBDA,DBDE,30,53/3,37/3,True
DBD,4,A,F,DBDA,DBDF,30,53/3,37/3,True
DBE,4,A,B,DBEA,DBEB,24,14/3,58/3,True
DBE,4,A,C,DBEA,DBEC,24,9,15,True
DBE,4,A,D,DBEA,DBED,24,14/3,58/3,True
DBE,4,A,E,DBEA,DBEE,24,28/3,44/3,True
DBE,4,A,F,DBEA,DBEF,24,83/6,61/6,True
DBF,4,A,B,DBFA,DBFB,24,14/3,58/3,True
DBF,4,A,C,DBFA,DBFC,24,9,15,True
DBF,4,A,D,DBFA,DBFD,24,14/3,58/3,True
DBF,4,A,E,DBFA,DBFE,24,83/6,61/6,True
DBF,4,A,F,DBFA,DBFF,24,28/3,44/3,True
DCA,4,A,B,DCAA,DCAB,15,10,5,True
DCA,4,A,C,DCAA,DCAC,15,11/2,19/2,True
DCA,4,A,D,DCAA,DCAD,15,5,10,True
DCA,4,A,E,DCAA,DCAE,15,11,4,True
DCA,4,A,F,DCAA,DCAF,15,11,4,True
DCB,4,A,B,DCBA,DCBB,30,5,25,True
DCB,4,A,C,DCBA,DCBC,30,11/2,49/2,True
DCB,4,A,D,DCBA,DCBD,30,5,25,True
DCB,4,A,E,DCBA,DCBE,30,16,14,True
DCB,4,A,F,DCBA,DCBF,30,16,14,True
DCC,4,A,B,DCCA,DCCB,30,10,20,True
DCC,4,A,C,DCCA,DCCC,30,11/3,79/3,True
DCC,4,A,D,DCCA,DCCD,30,5,25,True
DCC,4,A,E,DCCA,DCCE,30,49/3,41/3,True
DCC,4,A,F,DCCA,DCCF,30,49/3,41/3,True
DCD,4,A,B,DCDA,DCDB,30,10,20,True
DCD,4,A,C,DCDA,DCDC,30,11/2,49/2,True
DCD,4,A,D,DCDA,DCDD,30,10/3,80/3,True
DCD,4,A,E,DCDA,DCDE,30,50/3,40/3,True
DCD,4,A,F,DCDA,DCDF,30,50/3,40/3,True
DCE,4,A,B,DCEA,DCEB,24,9,15,True
DCE,4,A,C,DCEA,DCEC,24,29/6,115/6,True
DCE,4,A,D,DCEA,DCED,24,14/3,58/3,True
DCE,4,A,E,DCEA,DCEE,24,9,15,True
DCE,4,A,F,DCEA,DCEF,24,25/2,23/2,True
DCF,4,A,B,DCFA,DCFB,24,9,15,True
DCF,4,A,C,DCFA,DCFC,24,29/6,115/6,True
DCF,4,A,D,DCFA,DCFD,24,14/3,58/3,True
DCF,4,A,E,DCFA,DCFE,24,25/2,23/2,True
DCF,4,A,F,DCFA,DCFF,24,9,15,True
DDA,4,A,B,DDAA,DDAB,15,10,5,True
DDA,4,A,C,DDAA,DDAC,15,11,4,True
DDA,4,A,D,DDAA,DDAD,15,10/3,35/3,True
DDA,4,A,E,DDAA,DDAE,15,38/3,7/3,True
DDA,4,A,F,DDAA,DDAF,15,38/3,7/3,True
DDB,4,A,B,DDBA,DDBB,30,5,25,True
DDB,4,A,C,DDBA,DDBC,30,11,19,True
DDB,4,A,D,DDBA,DDBD,30,10/3,80/3,True
DDB,4,A,E,DDBA,DDBE,30,53/3,37/3,True
DDB,4,A,F,DDBA,DDBF,30,53/3,37/3,True
DDC,4,A,B,DDCA,DDCB,30,10,20,True
DDC,4,A,C,DDCA,DDCC,30,11/2,49/2,True
DDC,4,A,D,DDCA,DDCD,30,10/3,80/3,True
DDC,4,A,E,DDCA,DDCE,30,50/3,40/3,True
DDC,4,A,F,DDCA,DDCF,30,50/3,40/3,True
DDD,4,A,B,DDDA,DDDB,30,10,20,True
DDD,4,A,C,DDDA,DDDC,30,11,19,True
DDD,4,A,D,DDDA,DDDD,30,5/2,55/2,True
DDD,4,A,E,DDDA,DDDE,30,37/2,23/2,True
DDD,4,A,F,DDDA,DDDF,30,37/2,23/2,True
DDE,4,A,B,DDEA,DDEB,24,9,15,True
DDE,4,A,C,DDEA,DDEC,24,9,15,True
DDE,4,A,D,DDEA,DDED,24,19/6,125/6,True
DDE,4,A,E,DDEA,DDEE,24,19/2,29/2,True
DDE,4,A,F,DDEA,DDEF,24,14,10,True
DDF,4,A,B,DDFA,DDFB,24,9,15,True
DDF,4,A,C,DDFA,DDFC,24,9,15,True
DDF,4,A,D,DDFA,DDFD,24,19/6,125/6,True
DDF,4,A,E,DDFA,DDFE,24,14,10,True
DDF,4,A,F,DDFA,DDFF,24,19/2,29/2,True
DEA,4,A,B,DEAA,DEAB,13,9,4,True
DEA,4,A,C,DEAA,DEAC,13,9,4,True
DEA,4,A,D,DEAA,DEAD,13,14/3,25/3,True
DEA,4,A,E,DEAA,DEAE,13,23/3,16/3,True
DEA,4,A,F,DEAA,DEAF,13,61/6,17/6,True
DEB,4,A,B,DEBA,DEBB,24,14/3,58/3,True
DEB,4,A,C,DEBA,DEBC,24,9,15,True
DEB,4,A,D,DEBA,DEBD,24,14/3,58/3,True
DEB,4,A,E,DEBA,DEBE,24,28/3,44/3,True
DEB,4,A,F,DEBA,DEBF,24,83/6,61/6,True
DEC,4,A,B,DECA,DECB,24,9,15,True
DEC,4,A,C,DECA,DECC,24,29/6,115/6,True
DEC,4,A,D,DECA,DECD,24,14/3,58/3,True
DEC,4,A,E,DECA,DECE,24,9,15,True
DEC,4,A,F,DECA,DECF,24,25/2,23/2,True
DED,4,A,B,DEDA,DEDB,24,9,15,True
DED,4,A,C,DEDA,DEDC,24,9,15,True
DED,4,A,D,DEDA,DEDD,24,19/6,125/6,True
DED,4,A,E,DEDA,DEDE,24,19/2,29/2,True
DED,4,A,F,DEDA,DEDF,24,14,10,True
DEE,4,A,B,DEEA,DEEB,22,26/3,40/3,True
DEE,4,A,C,DEEA,DEEC,22,25/3,41/3,True
DEE,4,A,D,DEEA,DEED,22,9/2,35/2,True
DEE,4,A,E,DEEA,DEEE,22,13/2,31/2,True
DEE,4,A,F,DEEA,DEEF,22,25/2,19/2,True
DEF,4,A,B,DEFA,DEFB,20,26/3,34/3,True
DEF,4,A,C,DEFA,DEFC,20,22/3,38/3,True
DEF,4,A,D,DEFA,DEFD,20,9/2,31/2,True
DEF,4,A,E,DEFA,DEFE,20,8,12,True
DEF,4,A,F,DEFA,DEFF,20,8,12,True
DFA,4,A,B,DFAA,DFAB,13,9,4,True
DFA,4,A,C,DFAA,DFAC,13,9,4,True
DFA,4,A,D,DFAA,DFAD,13,14/3,25/3,True
DFA,4,A,E,DFAA,DFAE,13,61/6,17/6,True
DFA,4,A,F,DFAA,DFAF,13,23/3,16/3,True
DFB,4,A,B,DFBA,DFBB,24,14/3,58/3,True
DFB,4,A,C,DFBA,DFBC,24,9,15,True
DFB,4,A,D,DFBA,DFBD,24,14/3,58/3,True
DFB,4,A,E,DFBA,DFBE,24,83/6,61/6,True
DFB,4,A,F,DFBA,DFBF,24,28/3,44/3,True
DFC,4,A,B,DFCA,DFCB,24,9,15,True
DFC,4,A,C,DFCA,DFCC,24,29/6,115/6,True
DFC,4,A,D,DFCA,DFCD,24,14/3,58/3,True
DFC,4,A,E,DFCA,DFCE,24,25/2,23/2,True
DFC,4,A,F,DFCA,DFCF,24,9,15,True
DFD,4,A,B,DFDA,DFDB,24,9,15,True
DFD,4,A,C,DFDA,DFDC,24,9,15,True
DFD,4,A,D,DFDA,DFDD,24,19/6,125/6,True
DFD,4,A,E,DFDA,DFDE,24,14,10,True
DFD,4,A,F,DFDA,DFDF,24,19/2,29/2,True
DFE,4,A,B,DFEA,DFEB,20,26/3,34/3,True
DFE,4,A,C,DFEA,DFEC,20,22/3,38/3,True
DFE,4,A,D,DFEA,DFED,20,9/2,31/2,True
DFE,4,A,E,DFEA,DFEE,20,8,12,True
DFE,4,A,F,DFEA,DFEF,20,8,12,True
DFF,4,A,B,DFFA,DFFB,22,26/3,40/3,True
DFF,4,A,C,DFFA,DFFC,22,25/3,41/3,True
DFF,4,A,D,DFFA,DFFD,22,9/2,35/2,True
DFF,4,A,E,DFFA,DFFE,22,25/2,19/2,True
DFF,4,A,F,DFFA,DFFF,22,13/2,31/2,True
EAA,4,F,A,EAAF,EAAA,9,9,0,True
EAA,4,F,B,EAAF,EAAB,9,9,0,True
EAA,4,F,C,EAAF,EAAC,9,9,0,True
EAA,4,F,D,EAAF,EAAD,9,9,0,True
EAA,4,F,E,EAAF,EAAE,9,7,2,True
EAB,4,A,B,EABA,EABB,13,14/3,25/3,True
EAB,4,A,C,EABA,EABC,13,9,4,True
EAB,4,A,D,EABA,EABD,13,9,4,True
EAB,4,A,E,EABA,EABE,13,23/3,16/3,True
EAB,4,A,F,EABA,EABF,13,61/6,17/6,True
EAC,4,A,B,EACA,EACB,13,9,4,True
EAC,4,A,C,EACA,EACC,13,29/6,49/6,True
EAC,4,A,D,EACA,EACD,13,9,4,True
EAC,4,A,E,EACA,EACE,13,22/3,17/3,True
EAC,4,A,F,EACA,EACF,13,53/6,25/6,True
EAD,4,A,B,EADA,EADB,13,9,4,True
EAD,4,A,C,EADA,EADC,13,9,4,True
EAD,4,A,D,EADA,EADD,13,14/3,25/3,True
EAD,4,A,E,EADA,EADE,13,23/3,16/3,True
EAD,4,A,F,EADA,EADF,13,61/6,17/6,True
EAE,4,A,B,EAEA,EAEB,12,26/3,10/3,True
EAE,4,A,C,EAEA,EAEC,12,25/3,11/3,True
EAE,4,A,D,EAEA,EAED,12,26/3,10/3,True
EAE,4,A,E,EAEA,EAEE,12,17/3,19/3,True
EAE,4,A,F,EAEA,EAEF,12,55/6,17/6,True
EAF,4,A,B,EAFA,EAFB,23/2,26/3,17/6,True
EAF,4,A,C,EAFA,EAFC,23/2,22/3,25/6,True
EAF,4,A,D,EAFA,EAFD,23/2,26/3,17/6,True
EAF,4,A,E,EAFA,EAFE,23/2,20/3,29/6,True
EAF,4,A,F,EAFA,EAFF,23/2,20/3,29/6,True
EBA,4,A,B,EBAA,EBAB,13,14/3,25/3,True
EBA,4,A,C,EBAA,EBAC,13,9,4,True
EBA,4,A,D,EBAA,EBAD,13,9,4,True
EBA,4,A,E,EBAA,EBAE,13,23/3,16/3,True
EBA,4,A,F,EBAA,EBAF,13,61/6,17/6,True
EBB,4,A,B,EBBA,EBBB,24,19/6,125/6,True
EBB,4,A,C,EBBA,EBBC,24,9,15,True
EBB,4,A,D,EBBA,EBBD,24,9,15,True
EBB,4,A,E,EBBA,EBBE,24,19/2,29/2,True
EBB,4,A,F,EBBA,EBBF,24,14,10,True
EBC,4,A,B,EBCA,EBCB,24,14/3,58/3,True
EBC,4,A,C,EBCA,EBCC,24,29/6,115/6,True
EBC,4,A,D,EBCA,EBCD,24,9,15,True
EBC,4,A,E,EBCA,EBCE,24,9,15,True
EBC,4,A,F,EBCA,EBCF,24,25/2,23/2,True
EBD,4,A,B,EBDA,EBDB,24,14/3,58/3,True
EBD,4,A,C,EBDA,EBDC,24,9,15,True
EBD,4,A,D,EBDA,EBDD,24,14/3,58/3,True
EBD,4,A,E,EBDA,EBDE,24,28/3,44/3,True
EBD,4,A,F,EBDA,EBDF,24,83/6,61/6,True
EBE,4,A,B,EBEA,EBEB,22,9/2,35/2,True
EBE,4,A,C,EBEA,EBEC,22,25/3,41/3,True
EBE,4,A,D,EBEA,EBED,22,26/3,40/3,True
EBE,4,A,E,EBEA,EBEE,22,13/2,31/2,True
EBE,4,A,F,EBEA,EBEF,22,25/2,19/2,True
EBF,4,A,B,EBFA,EBFB,20,9/2,31/2,True
EBF,4,A,C,EBFA,EBFC,20,22/3,38/3,True
EBF,4,A,D,EBFA,EBFD,20,26/3,34/3,True
EBF,4,A,E,EBFA,EBFE,20,8,12,True
EBF,4,A,F,EBFA,EBFF,20,8,12,True
ECA,4,A,B,ECAA,ECAB,13,9,4,True
ECA,4,A,C,ECAA,ECAC,13,29/6,49/6,True
ECA,4,A,D,ECAA,ECAD,13,9,4,True
ECA,4,A,E,ECAA,ECAE,13,22/3,17/3,True
ECA,4,A,F,ECAA,ECAF,13,53/6,25/6,True
ECB,4,A,B,ECBA,ECBB,24,14/3,58/3,True
ECB,4,A,C,ECBA,ECBC,24,29/6,115/6,True
ECB,4,A,D,ECBA,ECBD,24,9,15,True
ECB,4,A,E,ECBA,ECBE,24,9,15,True
ECB,4,A,F,ECBA,ECBF,24,25/2,23/2,True
ECC,4,A,B,ECCA,ECCB,24,9,15,True
ECC,4,A,C,ECCA,ECCC,24,10/3,62/3,True
ECC,4,A,D,ECCA,ECCD,24,9,15,True
ECC,4,A,E,ECCA,ECCE,24,9,15,True
ECC,4,A,F,ECCA,ECCF,24,49/4,47/4,True
ECD,4,A,B,ECDA,ECDB,24,9,15,True
ECD,4,A,C,ECDA,ECDC,24,29/6,115/6,True
ECD,4,A,D,ECDA,ECDD,24,14/3,58/3,True
ECD,4,A,E,ECDA,ECDE,24,9,15,True
ECD,4,A,F,ECDA,ECDF,24,25/2,23/2,True
ECE,4,A,B,ECEA,ECEB,22,26/3,40/3,True
ECE,4,A,C,ECEA,ECEC,22,9/2,35/2,True
ECE,4,A,D,ECEA,ECED,22,26/3,40/3,True
ECE,4,A,E,ECEA,ECEE,22,19/3,47/3,True
ECE,4,A,F,ECEA,ECEF,22,133/12,131/12,True
ECF,4,A,B,ECFA,ECFB,20,26/3,34/3,True
ECF,4,A,C,ECFA,ECFC,20,17/4,63/4,True
ECF,4,A,D,ECFA,ECFD,20,26/3,34/3,True
ECF,4,A,E,ECFA,ECFE,20,91/12,149/12,True
ECF,4,A,F,ECFA,ECFF,20,91/12,149/12,True
EDA,4,A,B,EDAA,EDAB,13,9,4,True
EDA,4,A,C,EDAA,EDAC,13,9,4,True
EDA,4,A,D,EDAA,EDAD,13,14/3,25/3,True
EDA,4,A,E,EDAA,EDAE,13,23/3,16/3,True
EDA,4,A,F,EDAA,EDAF,13,61/6,17/6,True
EDB,4,A,B,EDBA,EDBB,24,14/3,58/3,True
EDB,4,A,C,EDBA,EDBC,24,9,15,True
EDB,4,A,D,EDBA,EDBD,24,14/3,58/3,True
EDB,4,A,E,EDBA,EDBE,24,28/3,44/3,True
EDB,4,A,F,EDBA,EDBF,24,83/6,61/6,True
EDC,4,A,B,EDCA,EDCB,24,9,15,True
EDC,4,A,C,EDCA,EDCC,24,29/6,115/6,True
EDC,4,A,D,EDCA,EDCD,24,14/3,58/3,True
EDC,4,A,E,EDCA,EDCE,24,9,15,True
EDC,4,A,F,EDCA,EDCF,24,25/2,23/2,True
EDD,4,A,B,EDDA,EDDB,24,9,15,True
EDD,4,A,C,EDDA,EDDC,24,9,15,True
EDD,4,A,D,EDDA,EDDD,24,19/6,125/6,True
EDD,4,A,E,EDDA,EDDE,24,19/2,29/2,True
EDD,4,A,F,EDDA,EDDF,24,14,10,True
EDE,4,A,B,EDEA,EDEB,22,26/3,40/3,True
EDE,4,A,C,EDEA,EDEC,22,25/3,41/3,True
EDE,4,A,D,EDEA,EDED,22,9/2,35/2,True
EDE,4,A,E,EDEA,EDEE,22,13/2,31/2,True
EDE,4,A,F,EDEA,EDEF,22,25/2,19/2,True
EDF,4,A,B,EDFA,EDFB,20,26/3,34/3,True
EDF,4,A,C,EDFA,EDFC,20,22/3,38/3,True
EDF,4,A,D,EDFA,EDFD,20,9/2,31/2,True
EDF,4,A,E,EDFA,EDFE,20,8,12,True
EDF,4,A,F,EDFA,EDFF,20,8,12,True
EEA,4,A,B,EEAA,EEAB,12,26/3,10/3,True
EEA,4,A,C,EEAA,EEAC,12,25/3,11/3,True
EEA,4,A,D,EEAA,EEAD,12,26/3,10/3,True
EEA,4,A,E,EEAA,EEAE,12,17/3,19/3,True
EEA,4,A,F,EEAA,EEAF,12,55/6,17/6,True
EEB,4,A,B,EEBA,EEBB,22,9/2,35/2,True
EEB,4,A,C,EEBA,EEBC,22,25/3,41/3,True
EEB,4,A,D,EEBA,EEBD,22,26/3,40/3,True
EEB,4,A,E,EEBA,EEBE,22,13/2,31/2,True
EEB,4,A,F,EEBA,EEBF,22,25/2,19/2,True
EEC,4,A,B,EECA,EECB,22,26/3,40/3,True
EEC,4,A,C,EECA,EECC,22,9/2,35/2,True
EEC,4,A,D,EECA,EECD,22,26/3,40/3,True
EEC,4,A,E,EECA,EECE,22,19/3,47/3,True
EEC,4,A,F,EECA,EECF,22,133/12,131/12,True
EED,4,A,B,EEDA,EEDB,22,26/3,40/3,True
EED,4,A,C,EEDA,EEDC,22,25/3,41/3,True
EED,4,A,D,EEDA,EEDD,22,9/2,35/2,True
EED,4,A,E,EEDA,EEDE,22,13/2,31/2,True
EED,4,A,F,EEDA,EEDF,22,25/2,19/2,True
EEE,4,A,B,EEEA,EEEB,21,17/2,25/2,True
EEE,4,A,C,EEEA,EEEC,21,8,13,True
EEE,4,A,D,EEEA,EEED,21,17/2,25/2,True
EEE,4,A,E,EEEA,EEEE,21,5,16,True
EEE,4,A,F,EEEA,EEEF,21,47/4,37/4,True
EEF,4,A,B,EEFA,EEFB,37/2,17/2,10,True
EEF,4,A,C,EEFA,EEFC,37/2,27/4,47/4,True
EEF,4,A,D,EEFA,EEFD,37/2,17/2,10,True
EEF,4,A,E,EEFA,EEFE,37/2,23/4,51/4,True
EEF,4,A,F,EEFA,EEFF,37/2,29/4,45/4,True
EFA,4,A,B,EFAA,EFAB,23/2,26/3,17/6,True
EFA,4,A,C,EFAA,EFAC,23/2,22/3,25/6,True
EFA,4,A,D,EFAA,EFAD,23/2,26/3,17/6,True
EFA,4,A,E,EFAA,EFAE,23/2,20/3,29/6,True
EFA,4,A,F,EFAA,EFAF,23/2,20/3,29/6,True
EFB,4,A,B,EFBA,EFBB,20,9/2,31/2,True
EFB,4,A,C,EFBA,EFBC,20,22/3,38/3,True
EFB,4,A,D,EFBA,EFBD,20,26/3,34/3,True
EFB,4,A,E,EFBA,EFBE,20,8,12,True
EFB,4,A,F,EFBA,EFBF,20,8,12,True
EFC,4,A,B,EFCA,EFCB,20,26/3,34/3,True
EFC,4,A,C,EFCA,EFCC,20,17/4,63/4,True
EFC,4,A,D,EFCA,EFCD,20,26/3,34/3,True
EFC,4,A,E,EFCA,EFCE,20,91/12,149/12,True
EFC,4,A,F,EFCA,EFCF,20,91/12,149/12,True
EFD,4,A,B,EFDA,EFDB,20,26/3,34/3,True
EFD,4,A,C,EFDA,EFDC,20,22/3,38/3,True
EFD,4,A,D,EFDA,EFDD,20,9/2,31/2,True
EFD,4,A,E,EFDA,EFDE,20,8,12,True
EFD,4,A,F,EFDA,EFDF,20,8,12,True
EFE,4,A,B,EFEA,EFEB,37/2,17/2,10,True
EFE,4,A,C,EFEA,EFEC,37/2,27/4,47/4,True
EFE,4,A,D,EFEA,EFED,37/2,17/2,10,True
EFE,4,A,E,EFEA,EFEE,37/2,23/4,51/4,True
EFE,4,A,F,EFEA,EFEF,37/2,29/4,45/4,True
EFF,4,A,B,EFFA,EFFB,37/2,17/2,10,True
EFF,4,A,C,EFFA,EFFC,37/2,27/4,47/4,True
EFF,4,A,D,EFFA,EFFD,37/2,17/2,10,True
EFF,4,A,E,EFFA,EFFE,37/2,29/4,45/4,True
EFF,4,A,F,EFFA,EFFF,37/2,23/4,51/4,True
FAA,4,E,A,FAAE,FAAA,9,9,0,True
FAA,4,E,B,FAAE,FAAB,9,9,0,True
FAA,4,E,C,FAAE,FAAC,9,9,0,True
FAA,4,E,D,FAAE,FAAD,9,9,0,True
FAA,4,E,F,FAAE,FAAF,9,7,2,True
FAB,4,A,B,FABA,FABB,13,14/3,25/3,True
FAB,4,A,C,FABA,FABC,13,9,4,True
FAB,4,A,D,FABA,FABD,13,9,4,True
FAB,4,A,E,FABA,FABE,13,61/6,17/6,True
FAB,4,A,F,FABA,FABF,13,23/3,16/3,True
FAC,4,A,B,FACA,FACB,13,9,4,True
FAC,4,A,C,FACA,FACC,13,29/6,49/6,True
FAC,4,A,D,FACA,FACD,13,9,4,True
FAC,4,A,E,FACA,FACE,13,53/6,25/6,True
FAC,4,A,F,FACA,FACF,13,22/3,17/3,True
FAD,4,A,B,FADA,FADB,13,9,4,True
FAD,4,A,C,FADA,FADC,13,9,4,True
FAD,4,A,D,FADA,FADD,13,14/3,25/3,True
FAD,4,A,E,FADA,FADE,13,61/6,17/6,True
FAD,4,A,F,FADA,FADF,13,23/3,16/3,True
FAE,4,A,B,FAEA,FAEB,23/2,26/3,17/6,True
FAE,4,A,C,FAEA,FAEC,23/2,22/3,25/6,True
FAE,4,A,D,FAEA,FAED,23/2,26/3,17/6,True
FAE,4,A,E,FAEA,FAEE,23/2,20/3,29/6,True
FAE,4,A,F,FAEA,FAEF,23/2,20/3,29/6,True
FAF,4,A,B,FAFA,FAFB,12,26/3,10/3,True
FAF,4,A,C,FAFA,FAFC,12,25/3,11/3,True
FAF,4,A,D,FAFA,FAFD,12,26/3,10/3,True
FAF,4,A,E,FAFA,FAFE,12,55/6,17/6,True
FAF,4,A,F,FAFA,FAFF,12,17/3,19/3,True
FBA,4,A,B,FBAA,FBAB,13,14/3,25/3,True
FBA,4,A,C,FBAA,FBAC,13,9,4,True
FBA,4,A,D,FBAA,FBAD,13,9,4,True
FBA,4,A,E,FBAA,FBAE,13,61/6,17/6,True
FBA,4,A,F,FBAA,FBAF,13,23/3,16/3,True
FBB,4,A,B,FBBA,FBBB,24,19/6,125/6,True
FBB,4,A,C,FBBA,FBBC,24,9,15,True
FBB,4,A,D,FBBA,FBBD,24,9,15,True
FBB,4,A,E,FBBA,FBBE,24,14,10,True
FBB,4,A,F,FBBA,FBBF,24,19/2,29/2,True
FBC,4,A,B,FBCA,FBCB,24,14/3,58/3,True
FBC,4,A,C,FBCA,FBCC,24,29/6,115/6,True
FBC,4,A,D,FBCA,FBCD,24,9,15,True
FBC,4,A,E,FBCA,FBCE,24,25/2,23/2,True
FBC,4,A,F,FBCA,FBCF,24,9,15,True
FBD,4,A,B,FBDA,FBDB,24,14/3,58/3,True
FBD,4,A,C,FBDA,FBDC,24,9,15,True
FBD,4,A,D,FBDA,FBDD,24,14/3,58/3,True
FBD,4,A,E,FBDA,FBDE,24,83/6,61/6,True
FBD,4,A,F,FBDA,FBDF,24,28/3,44/3,True
FBE,4,A,B,FBEA,FBEB,20,9/2,31/2,True
FBE,4,A,C,FBEA,FBEC,20,22/3,38/3,True
FBE,4,A,D,FBEA,FBED,20,26/3,34/3,True
FBE,4,A,E,FBEA,FBEE,20,8,12,True
FBE,4,A,F,FBEA,FBEF,20,8,12,True
FBF,4,A,B,FBFA,FBFB,22,9/2,35/2,True
FBF,4,A,C,FBFA,FBFC,22,25/3,41/3,True
FBF,4,A,D,FBFA,FBFD,22,26/3,40/3,True
FBF,4,A,E,FBFA,FBFE,22,25/2,19/2,True
FBF,4,A,F,FBFA,FBFF,22,13/2,31/2,True
FCA,4,A,B,FCAA,FCAB,13,9,4,True
FCA,4,A,C,FCAA,FCAC,13,29/6,49/6,True
FCA,4,A,D,FCAA,FCAD,13,9,4,True
FCA,4,A,E,FCAA,FCAE,13,53/6,25/6,True
FCA,4,A,F,FCAA,FCAF,13,22/3,17/3,True
FCB,4,A,B,FCBA,FCBB,24,14/3,58/3,True
FCB,4,A,C,FCBA,FCBC,24,29/6,115/6,True
FCB,4,A,D,FCBA,FCBD,24,9,15,True
FCB,4,A,E,FCBA,FCBE,24,25/2,23/2,True
FCB,4,A,F,FCBA,FCBF,24,9,15,True
FCC,4,A,B,FCCA,FCCB,24,9,15,True
FCC,4,A,C,FCCA,FCCC,24,10/3,62/3,True
FCC,4,A,D,FCCA,FCCD,24,9,15,True
FCC,4,A,E,FCCA,FCCE,24,49/4,47/4,True
FCC,4,A,F,FCCA,FCCF,24,9,15,True
FCD,4,A,B,FCDA,FCDB,24,9,15,True
FCD,4,A,C,FCDA,FCDC,24,29/6,115/6,True
FCD,4,A,D,FCDA,FCDD,24,14/3,58/3,True
FCD,4,A,E,FCDA,FCDE,24,25/2,23/2,True
FCD,4,A,F,FCDA,FCDF,24,9,15,True
FCE,4,A,B,FCEA,FCEB,20,26/3,34/3,True
FCE,4,A,C,FCEA,FCEC,20,17/4,63/4,True
FCE,4,A,D,FCEA,FCED,20,26/3,34/3,True
FCE,4,A,E,FCEA,FCEE,20,91/12,149/12,True
FCE,4,A,F,FCEA,FCEF,20,91/12,149/12,True
FCF,4,A,B,FCFA,FCFB,22,26/3,40/3,True
FCF,4,A,C,FCFA,FCFC,22,9/2,35/2,True
FCF,4,A,D,FCFA,FCFD,22,26/3,40/3,True
FCF,4,A,E,FCFA,FCFE,22,133/12,131/12,True
FCF,4,A,F,FCFA,FCFF,22,19/3,47/3,True
FDA,4,A,B,FDAA,FDAB,13,9,4,True
FDA,4,A,C,FDAA,FDAC,13,9,4,True
FDA,4,A,D,FDAA,FDAD,13,14/3,25/3,True
FDA,4,A,E,FDAA,FDAE,13,61/6,17/6,True
FDA,4,A,F,FDAA,FDAF,13,23/3,16/3,True
FDB,4,A,B,FDBA,FDBB,24,14/3,58/3,True
FDB,4,A,C,FDBA,FDBC,24,9,15,True
FDB,4,A,D,FDBA,FDBD,24,14/3,58/3,True
FDB,4,A,E,FDBA,FDBE,24,83/6,61/6,True
FDB,4,A,F,FDBA,FDBF,24,28/3,44/3,True
FDC,4,A,B,FDCA,FDCB,24,9,15,True
FDC,4,A,C,FDCA,FDCC,24,29/6,115/6,True
FDC,4,A,D,FDCA,FDCD,24,14/3,58/3,True
FDC,4,A,E,FDCA,FDCE,24,25/2,23/2,True
FDC,4,A,F,FDCA,FDCF,24,9,15,True
FDD,4,A,B,FDDA,FDDB,24,9,15,True
FDD,4,A,C,FDDA,FDDC,24,9,15,True
FDD,4,A,D,FDDA,FDDD,24,19/6,125/6,True
FDD,4,A,E,FDDA,FDDE,24,14,10,True
FDD,4,A,F,FDDA,FDDF,24,19/2,29/2,True
FDE,4,A,B,FDEA,FDEB,20,26/3,34/3,True
FDE,4,A,C,FDEA,FDEC,20,22/3,38/3,True
FDE,4,A,D,FDEA,FDED,20,9/2,31/2,True
FDE,4,A,E,FDEA,FDEE,20,8,12,True
FDE,4,A,F,FDEA,FDEF,20,8,12,True
FDF,4,A,B,FDFA,FDFB,22,26/3,40/3,True
FDF,4,A,C,FDFA,FDFC,22,25/3,41/3,True
FDF,4,A,D,FDFA,FDFD,22,9/2,35/2,True
FDF,4,A,E,FDFA,FDFE,22,25/2,19/2,True
FDF,4,A,F,FDFA,FDFF,22,13/2,31/2,True
FEA,4,A,B,FEAA,FEAB,23/2,26/3,17/6,True
FEA,4,A,C,FEAA,FEAC,23/2,22/3,25/6,True
FEA,4,A,D,FEAA,FEAD,23/2,26/3,17/6,True
FEA,4,A,E,FEAA,FEAE,23/2,20/3,29/6,True
FEA,4,A,F,FEAA,FEAF,23/2,20/3,29/6,True
FEB,4,A,B,FEBA,FEBB,20,9/2,31/2,True
FEB,4,A,C,FEBA,FEBC,20,22/3,38/3,True
FEB,4,A,D,FEBA,FEBD,20,26/3,34/3,True
FEB,4,A,E,FEBA,FEBE,20,8,12,True
FEB,4,A,F,FEBA,FEBF,20,8,12,True
FEC,4,A,B,FECA,FECB,20,26/3,34/3,True
FEC,4,A,C,FECA,FECC,20,17/4,63/4,True
FEC,4,A,D,FECA,FECD,20,26/3,34/3,True
FEC,4,A,E,FECA,FECE,20,91/12,149/12,True
FEC,4,A,F,FECA,FECF,20,91/12,149/12,True
FED,4,A,B,FEDA,FEDB,20,26/3,34/3,True
FED,4,A,C,FEDA,FEDC,20,22/3,38/3,True
FED,4,A,D,FEDA,FEDD,20,9/2,31/2,True
FED,4,A,E,FEDA,FEDE,20,8,12,True
FED,4,A,F,FEDA,FEDF,20,8,12,True
FEE,4,A,B,FEEA,FEEB,37/2,17/2,10,True
FEE,4,A,C,FEEA,FEEC,37/2,27/4,47/4,True
FEE,4,A,D,FEEA,FEED,37/2,17/2,10,True
FEE,4,A,E,FEEA,FEEE,37/2,23/4,51/4,True
FEE,4,A,F,FEEA,FEEF,37/2,29/4,45/4,True
FEF,4,A,B,FEFA,FEFB,37/2,17/2,10,True
FEF,4,A,C,FEFA,FEFC,37/2,27/4,47/4,True
FEF,4,A,D,FEFA,FEFD,37/2,17/2,10,True
FEF,4,A,E,FEFA,FEFE,37/2,29/4,45/4,True
FEF,4,A,F,FEFA,FEFF,37/2,23/4,51/4,True
FFA,4,A,B,FFAA,FFAB,12,26/3,10/3,True
FFA,4,A,C,FFAA,FFAC,12,25/3,11/3,True
FFA,4,A,D,FFAA,FFAD,12,26/3,10/3,True
FFA,4,A,E,FFAA,FFAE,12,55/6,17/6,True
FFA,4,A,F,FFAA,FFAF,12,17/3,19/3,True
FFB,4,A,B,FFBA,FFBB,22,9/2,35/2,True
FFB,4,A,C,FFBA,FFBC,22,25/3,41/3,True
FFB,4,A,D,FFBA,FFBD,22,26/3,40/3,True
FFB,4,A,E,FFBA,FFBE,22,25/2,19/2,True
FFB,4,A,F,FFBA,FFBF,22,13/2,31/2,True
FFC,4,A,B,FFCA,FFCB,22,26/3,40/3,True
FFC,4,A,C,FFCA,FFCC,22,9/2,35/2,True
FFC,4,A,D,FFCA,FFCD,22,26/3,40/3,True
FFC,4,A,E,FFCA,FFCE,22,133/12,131/12,True
FFC,4,A,F,FFCA,FFCF,22,19/3,47/3,True
FFD,4,A,B,FFDA,FFDB,22,26/3,40/3,True
FFD,4,A,C,FFDA,FFDC,22,25/3,41/3,True
FFD,4,A,D,FFDA,FFDD,22,9/2,35/2,True
FFD,4,A,E,FFDA,FFDE,22,25/2,19/2,True
FFD,4,A,F,FFDA,FFDF,22,13/2,31/2,True
FFE,4,A,B,FFEA,FFEB,37/2,17/2,10,True
FFE,4,A,C,FFEA,FFEC,37/2,27/4,47/4,True
FFE,4,A,D,FFEA,FFED,37/2,17/2,10,True
FFE,4,A,E,FFEA,FFEE,37/2,29/4,45/4,True
FFE,4,A,F,FFEA,FFEF,37/2,23/4,51/4,True
FFF,4,A,B,FFFA,FFFB,21,17/2,25/2,True
FFF,4,A,C,FFFA,FFFC,21,8,13,True
FFF,4,A,D,FFFA,FFFD,21,17/2,25/2,True
FFF,4,A,E,FFFA,FFFE,21,47/4,37/4,True
FFF,4,A,F,FFFA,FFFF,21,5,16,True
