pair,A,B,C,D,E,F,max_other,margin,last_replies_for_ABCDEF
AA,9,9,9,9,9,9,9,0,FFFFFE
AB,13,5,11,10,11,11,11,2,FAAAAA
AC,13,10,11/2,10,10,10,10,3,FAAAAA
AD,13,10,11,5,11,11,11,2,FAAAAA
AE,23/2,9,9,9,7,9,9,5/2,FAAAAA
AF,23/2,9,9,9,9,7,9,5/2,EAAAAA
BB,15,10/3,11,10,38/3,38/3,38/3,7/3,AAAAAA
BC,15,5,11/2,10,11,11,11,4,AAAAAA
BD,15,5,11,5,12,12,12,3,AAAAAA
BE,13,14/3,9,9,23/3,61/6,61/6,17/6,AAAAAA
BF,13,14/3,9,9,61/6,23/3,61/6,17/6,AAAAAA
CC,15,10,11/3,10,34/3,34/3,34/3,11/3,AAAAAA
CD,15,10,11/2,5,11,11,11,4,AAAAAA
CE,13,9,29/6,9,22/3,53/6,9,4,AAAAAA
CF,13,9,29/6,9,53/6,22/3,9,4,AAAAAA
DD,15,10,11,10/3,38/3,38/3,38/3,7/3,AAAAAA
DE,13,9,9,14/3,23/3,61/6,61/6,17/6,AAAAAA
DF,13,9,9,14/3,61/6,23/3,61/6,17/6,AAAAAA
EE,12,26/3,25/3,26/3,17/3,55/6,55/6,17/6,AAAAAA
EF,23/2,26/3,22/3,26/3,20/3,20/3,26/3,17/6,AAAAAA
FF,12,26/3,25/3,26/3,55/6,17/3,55/6,17/6,AAAAAA
