history,action,best_actions,A,B,C,D,E,F
AAA,F,FEC,15/2,10,11,10,11,11
AAB,F,FEC,10,5,11,10,11,11
AAC,F,FEDBA,10,10,11/2,10,10,10
AAD,F,FEC,10,10,11,5,11,11
AAE,F,FDCBA,9,9,9,9,7,9
AAF,E,EDCBA,9,9,9,9,9,7
ABA,F,FEC,10,5,11,10,11,11
ABB,A,A,15,10/3,11,10,38/3,38/3
ABC,A,A,15,5,11/2,10,11,11
ABD,A,A,15,5,11,5,12,12
ABE,A,A,13,14/3,9,9,23/3,61/6
ABF,A,A,13,14/3,9,9,61/6,23/3
ACA,F,FEDBA,10,10,11/2,10,10,10
ACB,A,A,15,5,11/2,10,11,11
ACC,A,A,15,10,11/3,10,34/3,34/3
ACD,A,A,15,10,11/2,5,11,11
ACE,A,A,13,9,29/6,9,22/3,53/6
ACF,A,A,13,9,29/6,9,53/6,22/3
ADA,F,FEC,10,10,11,5,11,11
ADB,A,A,15,5,11,5,12,12
ADC,A,A,15,10,11/2,5,11,11
ADD,A,A,15,10,11,10/3,38/3,38/3
ADE,A,A,13,9,9,14/3,23/3,61/6
ADF,A,A,13,9,9,14/3,61/6,23/3
AEA,F,FDCBA,9,9,9,9,7,9
AEB,A,A,13,14/3,9,9,23/3,61/6
AEC,A,A,13,9,29/6,9,22/3,53/6
AED,A,A,13,9,9,14/3,23/3,61/6
AEE,A,A,12,26/3,25/3,26/3,17/3,55/6
AEF,A,A,23/2,26/3,22/3,26/3,20/3,20/3
AFA,E,EDCBA,9,9,9,9,9,7
AFB,A,A,13,14/3,9,9,61/6,23/3
AFC,A,A,13,9,29/6,9,53/6,22/3
AFD,A,A,13,9,9,14/3,61/6,23/3
AFE,A,A,23/2,26/3,22/3,26/3,20/3,20/3
AFF,A,A,12,26/3,25/3,26/3,55/6,17/3
BAA,F,FEC,10,5,11,10,11,11
BAB,A,A,15,10/3,11,10,38/3,38/3
BAC,A,A,15,5,11/2,10,11,11
BAD,A,A,15,5,11,5,12,12
BAE,A,A,13,14/3,9,9,23/3,61/6
BAF,A,A,13,14/3,9,9,61/6,23/3
BBA,A,A,15,10/3,11,10,38/3,38/3
BBB,A,A,30,5/2,11,10,37/2,37/2
BBC,A,A,30,10/3,11/2,10,50/3,50/3
BBD,A,A,30,10/3,11,5,53/3,53/3
BBE,A,A,24,19/6,9,9,19/2,14
BBF,A,A,24,19/6,9,9,14,19/2
BCA,A,A,15,5,11/2,10,11,11
BCB,A,A,30,10/3,11/2,10,50/3,50/3
BCC,A,A,30,5,11/3,10,49/3,49/3
BCD,A,A,30,5,11/2,5,16,16
BCE,A,A,24,14/3,29/6,9,9,25/2
BCF,A,A,24,14/3,29/6,9,25/2,9
BDA,A,A,15,5,11,5,12,12
BDB,A,A,30,10/3,11,5,53/3,53/3
BDC,A,A,30,5,11/2,5,16,16
BDD,A,A,30,5,11,10/3,53/3,53/3
BDE,A,A,24,14/3,9,14/3,28/3,83/6
BDF,A,A,24,14/3,9,14/3,83/6,28/3
BEA,A,A,13,14/3,9,9,23/3,61/6
BEB,A,A,24,19/6,9,9,19/2,14
BEC,A,A,24,14/3,29/6,9,9,25/2
BED,A,A,24,14/3,9,14/3,28/3,83/6
BEE,A,A,22,9/2,25/3,26/3,13/2,25/2
BEF,A,A,20,9/2,22/3,26/3,8,8
BFA,A,A,13,14/3,9,9,61/6,23/3
BFB,A,A,24,19/6,9,9,14,19/2
BFC,A,A,24,14/3,29/6,9,25/2,9
BFD,A,A,24,14/3,9,14/3,83/6,28/3
BFE,A,A,20,9/2,22/3,26/3,8,8
BFF,A,A,22,9/2,25/3,26/3,25/2,13/2
CAA,F,FEDBA,10,10,11/2,10,10,10
CAB,A,A,15,5,11/2,10,11,11
CAC,A,A,15,10,11/3,10,34/3,34/3
CAD,A,A,15,10,11/2,5,11,11
CAE,A,A,13,9,29/6,9,22/3,53/6
CAF,A,A,13,9,29/6,9,53/6,22/3
CBA,A,A,15,5,11/2,10,11,11
CBB,A,A,30,10/3,11/2,10,50/3,50/3
CBC,A,A,30,5,11/3,10,49/3,49/3
CBD,A,A,30,5,11/2,5,16,16
CBE,A,A,24,14/3,29/6,9,9,25/2
CBF,A,A,24,14/3,29/6,9,25/2,9
CCA,A,A,15,10,11/3,10,34/3,34/3
CCB,A,A,30,5,11/3,10,49/3,49/3
CCC,A,A,30,10,11/4,10,17,17
CCD,A,A,30,10,11/3,5,49/3,49/3
CCE,A,A,24,9,10/3,9,9,49/4
CCF,A,A,24,9,10/3,9,49/4,9
CDA,A,A,15,10,11/2,5,11,11
CDB,A,A,30,5,11/2,5,16,16
CDC,A,A,30,10,11/3,5,49/3,49/3
CDD,A,A,30,10,11/2,10/3,50/3,50/3
CDE,A,A,24,9,29/6,14/3,9,25/2
CDF,A,A,24,9,29/6,14/3,25/2,9
CEA,A,A,13,9,29/6,9,22/3,53/6
CEB,A,A,24,14/3,29/6,9,9,25/2
CEC,A,A,24,9,10/3,9,9,49/4
CED,A,A,24,9,29/6,14/3,9,25/2
CEE,A,A,22,26/3,9/2,26/3,19/3,133/12
CEF,A,A,20,26/3,17/4,26/3,91/12,91/12
CFA,A,A,13,9,29/6,9,53/6,22/3
CFB,A,A,24,14/3,29/6,9,25/2,9
CFC,A,A,24,9,10/3,9,49/4,9
CFD,A,A,24,9,29/6,14/3,25/2,9
CFE,A,A,20,26/3,17/4,26/3,91/12,91/12
CFF,A,A,22,26/3,9/2,26/3,133/12,19/3
DAA,F,FEC,10,10,11,5,11,11
DAB,A,A,15,5,11,5,12,12
DAC,A,A,15,10,11/2,5,11,11
DAD,A,A,15,10,11,10/3,38/3,38/3
DAE,A,A,13,9,9,14/3,23/3,61/6
DAF,A,A,13,9,9,14/3,61/6,23/3
DBA,A,A,15,5,11,5,12,12
DBB,A,A,30,10/3,11,5,53/3,53/3
DBC,A,A,30,5,11/2,5,16,16
DBD,A,A,30,5,11,10/3,53/3,53/3
DBE,A,A,24,14/3,9,14/3,28/3,83/6
DBF,A,A,24,14/3,9,14/3,83/6,28/3
DCA,A,A,15,10,11/2,5,11,11
DCB,A,A,30,5,11/2,5,16,16
DCC,A,A,30,10,11/3,5,49/3,49/3
DCD,A,A,30,10,11/2,10/3,50/3,50/3
DCE,A,A,24,9,29/6,14/3,9,25/2
DCF,A,A,24,9,29/6,14/3,25/2,9
DDA,A,A,15,10,11,10/3,38/3,38/3
DDB,A,A,30,5,11,10/3,53/3,53/3
DDC,A,A,30,10,11/2,10/3,50/3,50/3
DDD,A,A,30,10,11,5/2,37/2,37/2
DDE,A,A,24,9,9,19/6,19/2,14
DDF,A,A,24,9,9,19/6,14,19/2
DEA,A,A,13,9,9,14/3,23/3,61/6
DEB,A,A,24,14/3,9,14/3,28/3,83/6
DEC,A,A,24,9,29/6,14/3,9,25/2
DED,A,A,24,9,9,19/6,19/2,14
DEE,A,A,22,26/3,25/3,9/2,13/2,25/2
DEF,A,A,20,26/3,22/3,9/2,8,8
DFA,A,A,13,9,9,14/3,61/6,23/3
DFB,A,A,24,14/3,9,14/3,83/6,28/3
DFC,A,A,24,9,29/6,14/3,25/2,9
DFD,A,A,24,9,9,19/6,14,19/2
DFE,A,A,20,26/3,22/3,9/2,8,8
DFF,A,A,22,26/3,25/3,9/2,25/2,13/2
EAA,F,FDCBA,9,9,9,9,7,9
EAB,A,A,13,14/3,9,9,23/3,61/6
EAC,A,A,13,9,29/6,9,22/3,53/6
EAD,A,A,13,9,9,14/3,23/3,61/6
EAE,A,A,12,26/3,25/3,26/3,17/3,55/6
EAF,A,A,23/2,26/3,22/3,26/3,20/3,20/3
EBA,A,A,13,14/3,9,9,23/3,61/6
EBB,A,A,24,19/6,9,9,19/2,14
EBC,A,A,24,14/3,29/6,9,9,25/2
EBD,A,A,24,14/3,9,14/3,28/3,83/6
EBE,A,A,22,9/2,25/3,26/3,13/2,25/2
EBF,A,A,20,9/2,22/3,26/3,8,8
ECA,A,A,13,9,29/6,9,22/3,53/6
ECB,A,A,24,14/3,29/6,9,9,25/2
ECC,A,A,24,9,10/3,9,9,49/4
ECD,A,A,24,9,29/6,14/3,9,25/2
ECE,A,A,22,26/3,9/2,26/3,19/3,133/12
ECF,A,A,20,26/3,17/4,26/3,91/12,91/12
EDA,A,A,13,9,9,14/3,23/3,61/6
EDB,A,A,24,14/3,9,14/3,28/3,83/6
EDC,A,A,24,9,29/6,14/3,9,25/2
EDD,A,A,24,9,9,19/6,19/2,14
EDE,A,A,22,26/3,25/3,9/2,13/2,25/2
EDF,A,A,20,26/3,22/3,9/2,8,8
EEA,A,A,12,26/3,25/3,26/3,17/3,55/6
EEB,A,A,22,9/2,25/3,26/3,13/2,25/2
EEC,A,A,22,26/3,9/2,26/3,19/3,133/12
EED,A,A,22,26/3,25/3,9/2,13/2,25/2
EEE,A,A,21,17/2,8,17/2,5,47/4
EEF,A,A,37/2,17/2,27/4,17/2,23/4,29/4
EFA,A,A,23/2,26/3,22/3,26/3,20/3,20/3
EFB,A,A,20,9/2,22/3,26/3,8,8
EFC,A,A,20,26/3,17/4,26/3,91/12,91/12
EFD,A,A,20,26/3,22/3,9/2,8,8
EFE,A,A,37/2,17/2,27/4,17/2,23/4,29/4
EFF,A,A,37/2,17/2,27/4,17/2,29/4,23/4
FAA,E,EDCBA,9,9,9,9,9,7
FAB,A,A,13,14/3,9,9,61/6,23/3
FAC,A,A,13,9,29/6,9,53/6,22/3
FAD,A,A,13,9,9,14/3,61/6,23/3
FAE,A,A,23/2,26/3,22/3,26/3,20/3,20/3
FAF,A,A,12,26/3,25/3,26/3,55/6,17/3
FBA,A,A,13,14/3,9,9,61/6,23/3
FBB,A,A,24,19/6,9,9,14,19/2
FBC,A,A,24,14/3,29/6,9,25/2,9
FBD,A,A,24,14/3,9,14/3,83/6,28/3
FBE,A,A,20,9/2,22/3,26/3,8,8
FBF,A,A,22,9/2,25/3,26/3,25/2,13/2
FCA,A,A,13,9,29/6,9,53/6,22/3
FCB,A,A,24,14/3,29/6,9,25/2,9
FCC,A,A,24,9,10/3,9,49/4,9
FCD,A,A,24,9,29/6,14/3,25/2,9
FCE,A,A,20,26/3,17/4,26/3,91/12,91/12
FCF,A,A,22,26/3,9/2,26/3,133/12,19/3
FDA,A,A,13,9,9,14/3,61/6,23/3
FDB,A,A,24,14/3,9,14/3,83/6,28/3
FDC,A,A,24,9,29/6,14/3,25/2,9
FDD,A,A,24,9,9,19/6,14,19/2
FDE,A,A,20,26/3,22/3,9/2,8,8
FDF,A,A,22,26/3,25/3,9/2,25/2,13/2
FEA,A,A,23/2,26/3,22/3,26/3,20/3,20/3
FEB,A,A,20,9/2,22/3,26/3,8,8
FEC,A,A,20,26/3,17/4,26/3,91/12,91/12
FED,A,A,20,26/3,22/3,9/2,8,8
FEE,A,A,37/2,17/2,27/4,17/2,23/4,29/4
FEF,A,A,37/2,17/2,27/4,17/2,29/4,23/4
FFA,A,A,12,26/3,25/3,26/3,55/6,17/3
FFB,A,A,22,9/2,25/3,26/3,25/2,13/2
FFC,A,A,22,26/3,9/2,26/3,133/12,19/3
FFD,A,A,22,26/3,25/3,9/2,25/2,13/2
FFE,A,A,37/2,17/2,27/4,17/2,29/4,23/4
FFF,A,A,21,17/2,8,17/2,47/4,5
