claim,observed,expected,passes
unit customers,61,61,True
number of themes,6,6,True
"topic sizes A,B,C,D,E,F","(30, 10, 11, 10, 20, 20)","(30, 10, 11, 10, 20, 20)",True
"A,B,C,D form a customer partition",True,True,True
pure SPE profitable deviations,0,0,True
ordered nonterminal histories,259,259,True
nontrivial action deviations,1295,1295,True
all terminal action profiles,1296,1296,True
comparison pair AA,"(Fraction(9, 1), Fraction(9, 1))","(Fraction(9, 1), Fraction(9, 1))",True
comparison pair AB,"(Fraction(13, 1), Fraction(11, 1))","(Fraction(13, 1), Fraction(11, 1))",True
comparison pair AC,"(Fraction(13, 1), Fraction(10, 1))","(Fraction(13, 1), Fraction(10, 1))",True
comparison pair AD,"(Fraction(13, 1), Fraction(11, 1))","(Fraction(13, 1), Fraction(11, 1))",True
comparison pair AE,"(Fraction(23, 2), Fraction(9, 1))","(Fraction(23, 2), Fraction(9, 1))",True
comparison pair AF,"(Fraction(23, 2), Fraction(9, 1))","(Fraction(23, 2), Fraction(9, 1))",True
comparison pair BB,"(Fraction(15, 1), Fraction(38, 3))","(Fraction(15, 1), Fraction(38, 3))",True
comparison pair BC,"(Fraction(15, 1), Fraction(11, 1))","(Fraction(15, 1), Fraction(11, 1))",True
comparison pair BD,"(Fraction(15, 1), Fraction(12, 1))","(Fraction(15, 1), Fraction(12, 1))",True
comparison pair BE,"(Fraction(13, 1), Fraction(61, 6))","(Fraction(13, 1), Fraction(61, 6))",True
comparison pair BF,"(Fraction(13, 1), Fraction(61, 6))","(Fraction(13, 1), Fraction(61, 6))",True
comparison pair CC,"(Fraction(15, 1), Fraction(34, 3))","(Fraction(15, 1), Fraction(34, 3))",True
comparison pair CD,"(Fraction(15, 1), Fraction(11, 1))","(Fraction(15, 1), Fraction(11, 1))",True
comparison pair CE,"(Fraction(13, 1), Fraction(9, 1))","(Fraction(13, 1), Fraction(9, 1))",True
comparison pair CF,"(Fraction(13, 1), Fraction(9, 1))","(Fraction(13, 1), Fraction(9, 1))",True
comparison pair DD,"(Fraction(15, 1), Fraction(38, 3))","(Fraction(15, 1), Fraction(38, 3))",True
comparison pair DE,"(Fraction(13, 1), Fraction(61, 6))","(Fraction(13, 1), Fraction(61, 6))",True
comparison pair DF,"(Fraction(13, 1), Fraction(61, 6))","(Fraction(13, 1), Fraction(61, 6))",True
comparison pair EE,"(Fraction(12, 1), Fraction(55, 6))","(Fraction(12, 1), Fraction(55, 6))",True
comparison pair EF,"(Fraction(23, 2), Fraction(26, 3))","(Fraction(23, 2), Fraction(26, 3))",True
comparison pair FF,"(Fraction(12, 1), Fraction(55, 6))","(Fraction(12, 1), Fraction(55, 6))",True
unordered pairs including repetitions,21,21,True
AA all six action values,"(Fraction(9, 1), Fraction(9, 1), Fraction(9, 1), Fraction(9, 1), Fraction(9, 1), Fraction(9, 1))","(Fraction(9, 1), Fraction(9, 1), Fraction(9, 1), Fraction(9, 1), Fraction(9, 1), Fraction(9, 1))",True
exact simplified last response for all 216 histories,True,True,True
"last response counts A,E,F","(200, 3, 13)","(200, 3, 13)",True
last rewards after AAA,"(Fraction(15, 2), Fraction(10, 1), Fraction(11, 1), Fraction(10, 1), Fraction(11, 1), Fraction(11, 1))","(Fraction(15, 2), Fraction(10, 1), Fraction(11, 1), Fraction(10, 1), Fraction(11, 1), Fraction(11, 1))",True
last chosen after AAA,F,F,True
actual outcome,AAAF,AAAF,True
actual utilities,"(Fraction(9, 1), Fraction(9, 1), Fraction(9, 1), Fraction(11, 1))","(Fraction(9, 1), Fraction(9, 1), Fraction(9, 1), Fraction(11, 1))",True
A intersection F,12,12,True
A minus F,18,18,True
F minus A,8,8,True
W,38,38,True
OPT4,61,61,True
prefix loads are 3 on A and 0 elsewhere,"(3, 3, 3, 3, 3, 3, 3, 3, 3, 3, 3, 3, 0, 0, 0, 0, 0, 0, 0, 0, 0, 0, 0, 0, 0, 0, 0, 0, 0, 0, 0, 0, 3, 3, 3, 3, 3, 3, 3, 3, 3, 3, 3, 3, 0, 0, 0, 0, 0, 0, 3, 3, 3, 3, 3, 3, 0, 0, 0, 0, 0)","(3, 3, 3, 3, 3, 3, 3, 3, 3, 3, 3, 3, 0, 0, 0, 0, 0, 0, 0, 0, 0, 0, 0, 0, 0, 0, 0, 0, 0, 0, 0, 0, 3, 3, 3, 3, 3, 3, 3, 3, 3, 3, 3, 3, 0, 0, 0, 0, 0, 0, 3, 3, 3, 3, 3, 3, 0, 0, 0, 0, 0)",True
root tax,45/2,45/2,True
W plus tax,121/2,121/2,True
RT violation,1/2,1/2,True
uncovered customers,23,23,True
first player deviation F continuation,FAAE,FAAE,True
FAAE utilities,"(Fraction(9, 1), Fraction(23, 2), Fraction(23, 2), Fraction(9, 1))","(Fraction(9, 1), Fraction(23, 2), Fraction(23, 2), Fraction(9, 1))",True
last rewards after FAA,"(Fraction(9, 1), Fraction(9, 1), Fraction(9, 1), Fraction(9, 1), Fraction(9, 1), Fraction(7, 1))","(Fraction(9, 1), Fraction(9, 1), Fraction(9, 1), Fraction(9, 1), Fraction(9, 1), Fraction(7, 1))",True
last chosen after FAA,E,E,True
"six terms in V(F;A,A)",9,9,True
f_b of optimum partition,"(Fraction(15, 2), Fraction(10, 1), Fraction(11, 1), Fraction(10, 1))","(Fraction(15, 2), Fraction(10, 1), Fraction(11, 1), Fraction(10, 1))",True
sum optimum partition f_b,77/2,77/2,True
sum optimum partition f_b minus W,1/2,1/2,True
sum last-response slack,11/2,11/2,True
4u4 minus W,6,6,True
4u4 plus tax,133/2,133/2,True
(2-1/n)W,133/2,133/2,True
2W,76,76,True
OPT < (2-1/n)W < 2W,True,True,True
static safety mixture sums to one,1,1,True
static competitor multisets,56,56,True
static primal minimum,9,9,True
static pure dual column AAF,"(Fraction(9, 1), Fraction(9, 1), Fraction(9, 1), Fraction(9, 1), Fraction(9, 1), Fraction(7, 1))","(Fraction(9, 1), Fraction(9, 1), Fraction(9, 1), Fraction(9, 1), Fraction(9, 1), Fraction(7, 1))",True
static dual upper bound,9,9,True
all realized players satisfy u_i >= static v4,True,True,True
aggregate static safety allowance,36,36,True
W minus aggregate static safety allowance,2,2,True
"boundary one player, empty A, nonempty B","('B', 1, 1, Fraction(0, 1))","('B', 1, 1, Fraction(0, 1))",True
"boundary four players, sole empty topic","('AAAA', 0, 0, Fraction(0, 1))","('AAAA', 0, 0, Fraction(0, 1))",True
"boundary three players, equal coverage different labels","('AAB', 1, 1, Fraction(2, 3))","('AAB', 1, 1, Fraction(2, 3))",True
"boundary two players, disjoint singleton topics","('AB', 2, 2, Fraction(1, 2))","('AB', 2, 2, Fraction(1, 2))",True
"boundary one player, all empty labels","('B', 0, 0, Fraction(0, 1))","('B', 0, 0, Fraction(0, 1))",True
