opponent_multiset,A,B,C,D,E,F,mixture_value,primal_margin
AAA,15/2,10,11,10,11,11,19/2,1/2
AAB,10,5,11,10,11,11,9,0
AAC,10,10,11/2,10,10,10,9,0
AAD,10,10,11,5,11,11,9,0
AAE,9,9,9,9,7,9,9,0
AAF,9,9,9,9,9,7,9,0
ABB,15,10/3,11,10,38/3,38/3,271/27,28/27
ABC,15,5,11/2,10,11,11,83/9,2/9
ABD,15,5,11,5,12,12,83/9,2/9
ABE,13,14/3,9,9,23/3,61/6,1228/135,13/135
ABF,13,14/3,9,9,61/6,23/3,1228/135,13/135
ACC,15,10,11/3,10,34/3,34/3,271/27,28/27
ACD,15,10,11/2,5,11,11,83/9,2/9
ACE,13,9,29/6,9,22/3,53/6,1246/135,31/135
ACF,13,9,29/6,9,53/6,22/3,1246/135,31/135
ADD,15,10,11,10/3,38/3,38/3,271/27,28/27
ADE,13,9,9,14/3,23/3,61/6,1228/135,13/135
ADF,13,9,9,14/3,61/6,23/3,1228/135,13/135
AEE,12,26/3,25/3,26/3,17/3,55/6,86/9,5/9
AEF,23/2,26/3,22/3,26/3,20/3,20/3,827/90,17/90
AFF,12,26/3,25/3,26/3,55/6,17/3,86/9,5/9
BBB,30,5/2,11,10,37/2,37/2,85/6,31/6
BBC,30,10/3,11/2,10,50/3,50/3,355/27,112/27
BBD,30,10/3,11,5,53/3,53/3,355/27,112/27
BBE,24,19/6,9,9,19/2,14,643/54,157/54
BBF,24,19/6,9,9,14,19/2,643/54,157/54
BCC,30,5,11/3,10,49/3,49/3,355/27,112/27
BCD,30,5,11/2,5,16,16,37/3,10/3
BCE,24,14/3,29/6,9,9,25/2,1532/135,317/135
BCF,24,14/3,29/6,9,25/2,9,1532/135,317/135
BDD,30,5,11,10/3,53/3,53/3,355/27,112/27
BDE,24,14/3,9,14/3,28/3,83/6,1514/135,299/135
BDF,24,14/3,9,14/3,83/6,28/3,1514/135,299/135
BEE,22,9/2,25/3,26/3,13/2,25/2,617/54,131/54
BEF,20,9/2,22/3,26/3,8,8,2869/270,439/270
BFF,22,9/2,25/3,26/3,25/2,13/2,617/54,131/54
CCC,30,10,11/4,10,17,17,85/6,31/6
CCD,30,10,11/3,5,49/3,49/3,355/27,112/27
CCE,24,9,10/3,9,9,49/4,326/27,83/27
CCF,24,9,10/3,9,49/4,9,326/27,83/27
CDD,30,10,11/2,10/3,50/3,50/3,355/27,112/27
CDE,24,9,29/6,14/3,9,25/2,1532/135,317/135
CDF,24,9,29/6,14/3,25/2,9,1532/135,317/135
CEE,22,26/3,9/2,26/3,19/3,133/12,313/27,70/27
CEF,20,26/3,17/4,26/3,91/12,91/12,2959/270,529/270
CFF,22,26/3,9/2,26/3,133/12,19/3,313/27,70/27
DDD,30,10,11,5/2,37/2,37/2,85/6,31/6
DDE,24,9,9,19/6,19/2,14,643/54,157/54
DDF,24,9,9,19/6,14,19/2,643/54,157/54
DEE,22,26/3,25/3,9/2,13/2,25/2,617/54,131/54
DEF,20,26/3,22/3,9/2,8,8,2869/270,439/270
DFF,22,26/3,25/3,9/2,25/2,13/2,617/54,131/54
EEE,21,17/2,8,17/2,5,47/4,12,3
EEF,37/2,17/2,27/4,17/2,23/4,29/4,11,2
EFF,37/2,17/2,27/4,17/2,29/4,23/4,11,2
FFF,21,17/2,8,17/2,47/4,5,12,3
