competitors	f_0	f_1	f_2	f_3	f_4	f_5	primary_value
(0, 0, 0)	57/4	59/2	32	93/4	29	32	3613303/132730
(0, 0, 1)	101/6	18	24	241/12	121/6	93/4	323939/15315
(0, 0, 2)	47/3	61/3	21	127/6	19	22	8103331/398190
(0, 0, 3)	199/12	313/12	185/6	61/4	25	161/6	19201493/796380
(0, 0, 4)	53/3	43/2	24	61/3	33/2	22	43179001/1990950
(0, 0, 5)	52/3	85/4	71/3	113/6	56/3	37/2	82465867/3981900
(0, 1, 0)	101/6	18	24	241/12	121/6	93/4	323939/15315
(0, 1, 1)	22	85/6	51/2	245/12	115/6	269/12	1446469/66365
(0, 1, 2)	55/3	95/6	20	20	33/2	20	508643/26546
(0, 1, 3)	251/12	69/4	53/2	59/4	109/6	41/2	16658581/796380
(0, 1, 4)	65/3	50/3	71/3	113/6	43/3	58/3	41233571/1990950
(0, 1, 5)	85/4	197/12	71/3	53/3	95/6	197/12	5307027/265460
(0, 2, 0)	47/3	61/3	21	127/6	19	22	8103331/398190
(0, 2, 1)	55/3	95/6	20	20	33/2	20	508643/26546
(0, 2, 2)	37/2	39/2	52/3	22	47/3	39/2	508643/26546
(0, 2, 3)	37/2	58/3	131/6	91/6	49/3	58/3	508643/26546
(0, 2, 4)	41/2	20	59/3	41/2	79/6	113/6	39660251/1990950
(0, 2, 5)	59/3	59/3	59/3	59/3	15	31/2	508643/26546
(0, 3, 0)	199/12	313/12	185/6	61/4	25	161/6	19201493/796380
(0, 3, 1)	251/12	69/4	53/2	59/4	109/6	41/2	16658581/796380
(0, 3, 2)	37/2	58/3	131/6	91/6	49/3	58/3	508643/26546
(0, 3, 3)	85/4	311/12	67/2	151/12	49/2	53/2	3984619/159276
(0, 3, 4)	131/6	121/6	51/2	46/3	31/2	58/3	1077273/51050
(0, 3, 5)	127/6	20	26	89/6	101/6	52/3	6905733/331825
(0, 4, 0)	53/3	43/2	24	61/3	33/2	22	43179001/1990950
(0, 4, 1)	65/3	50/3	71/3	113/6	43/3	58/3	41233571/1990950
(0, 4, 2)	41/2	20	59/3	41/2	79/6	113/6	39660251/1990950
(0, 4, 3)	131/6	121/6	51/2	46/3	31/2	58/3	1077273/51050
(0, 4, 4)	49/2	133/6	74/3	22	37/3	39/2	45842153/1990950
(0, 4, 5)	71/3	125/6	24	39/2	79/6	31/2	42617339/1990950
(0, 5, 0)	52/3	85/4	71/3	113/6	56/3	37/2	82465867/3981900
(0, 5, 1)	85/4	197/12	71/3	53/3	95/6	197/12	5307027/265460
(0, 5, 2)	59/3	59/3	59/3	59/3	15	31/2	508643/26546
(0, 5, 3)	127/6	20	26	89/6	101/6	52/3	6905733/331825
(0, 5, 4)	71/3	125/6	24	39/2	79/6	31/2	42617339/1990950
(0, 5, 5)	47/2	257/12	49/2	20	31/2	14	85953961/3981900
(1, 0, 0)	101/6	18	24	241/12	121/6	93/4	323939/15315
(1, 0, 1)	22	85/6	51/2	245/12	115/6	269/12	1446469/66365
(1, 0, 2)	55/3	95/6	20	20	33/2	20	508643/26546
(1, 0, 3)	251/12	69/4	53/2	59/4	109/6	41/2	16658581/796380
(1, 0, 4)	65/3	50/3	71/3	113/6	43/3	58/3	41233571/1990950
(1, 0, 5)	85/4	197/12	71/3	53/3	95/6	197/12	5307027/265460
(1, 1, 0)	22	85/6	51/2	245/12	115/6	269/12	1446469/66365
(1, 1, 1)	75/2	49/4	155/4	99/4	49/2	113/4	307531/10210
(1, 1, 2)	143/6	55/4	93/4	125/6	205/12	127/6	1400616/66365
(1, 1, 3)	397/12	169/12	211/6	63/4	227/12	131/6	20404253/796380
(1, 1, 4)	65/2	29/2	385/12	235/12	15	61/3	25080388/995475
(1, 1, 5)	127/4	57/4	193/6	37/2	49/3	69/4	32466809/1327300
(1, 2, 0)	55/3	95/6	20	20	33/2	20	508643/26546
(1, 2, 1)	143/6	55/4	93/4	125/6	205/12	127/6	1400616/66365
(1, 2, 2)	43/2	67/4	217/12	64/3	59/4	39/2	255787/13273
(1, 2, 3)	139/6	16	23	91/6	89/6	37/2	7809713/398190
(1, 2, 4)	149/6	209/12	259/12	20	151/12	56/3	20582908/995475
(1, 2, 5)	71/3	101/6	65/3	19	14	91/6	6572391/331825
(1, 3, 0)	251/12	69/4	53/2	59/4	109/6	41/2	16658581/796380
(1, 3, 1)	397/12	169/12	211/6	63/4	227/12	131/6	20404253/796380
(1, 3, 2)	139/6	16	23	91/6	89/6	37/2	7809713/398190
(1, 3, 3)	391/12	71/4	109/3	51/4	233/12	67/3	4122611/159276
(1, 3, 4)	191/6	67/4	191/6	61/4	169/12	55/3	47970937/1990950
(1, 3, 5)	185/6	49/3	193/6	89/6	15	97/6	23553551/995475
(1, 4, 0)	65/3	50/3	71/3	113/6	43/3	58/3	41233571/1990950
(1, 4, 1)	65/2	29/2	385/12	235/12	15	61/3	25080388/995475
(1, 4, 2)	149/6	209/12	259/12	20	151/12	56/3	20582908/995475
(1, 4, 3)	191/6	67/4	191/6	61/4	169/12	55/3	47970937/1990950
(1, 4, 4)	205/6	19	125/4	251/12	71/6	56/3	25770964/995475
(1, 4, 5)	33	109/6	187/6	19	25/2	15	4915016/199095
(1, 5, 0)	85/4	197/12	71/3	53/3	95/6	197/12	5307027/265460
(1, 5, 1)	127/4	57/4	193/6	37/2	49/3	69/4	32466809/1327300
(1, 5, 2)	71/3	101/6	65/3	19	14	91/6	6572391/331825
(1, 5, 3)	185/6	49/3	193/6	89/6	15	97/6	23553551/995475
(1, 5, 4)	33	109/6	187/6	19	25/2	15	4915016/199095
(1, 5, 5)	131/4	73/4	63/2	58/3	85/6	163/12	98324521/3981900
(2, 0, 0)	47/3	61/3	21	127/6	19	22	8103331/398190
(2, 0, 1)	55/3	95/6	20	20	33/2	20	508643/26546
(2, 0, 2)	37/2	39/2	52/3	22	47/3	39/2	508643/26546
(2, 0, 3)	37/2	58/3	131/6	91/6	49/3	58/3	508643/26546
(2, 0, 4)	41/2	20	59/3	41/2	79/6	113/6	39660251/1990950
(2, 0, 5)	59/3	59/3	59/3	59/3	15	31/2	508643/26546
(2, 1, 0)	55/3	95/6	20	20	33/2	20	508643/26546
(2, 1, 1)	143/6	55/4	93/4	125/6	205/12	127/6	1400616/66365
(2, 1, 2)	43/2	67/4	217/12	64/3	59/4	39/2	255787/13273
(2, 1, 3)	139/6	16	23	91/6	89/6	37/2	7809713/398190
(2, 1, 4)	149/6	209/12	259/12	20	151/12	56/3	20582908/995475
(2, 1, 5)	71/3	101/6	65/3	19	14	91/6	6572391/331825
(2, 2, 0)	37/2	39/2	52/3	22	47/3	39/2	508643/26546
(2, 2, 1)	43/2	67/4	217/12	64/3	59/4	39/2	255787/13273
(2, 2, 2)	27	103/4	31/2	27	14	83/4	1451387/66365
(2, 2, 3)	70/3	62/3	56/3	33/2	40/3	58/3	508643/26546
(2, 2, 4)	29	313/12	53/3	76/3	23/2	239/12	22383028/995475
(2, 2, 5)	157/6	145/6	71/4	74/3	53/4	59/4	6991826/331825
(2, 3, 0)	37/2	58/3	131/6	91/6	49/3	58/3	508643/26546
(2, 3, 1)	139/6	16	23	91/6	89/6	37/2	7809713/398190
(2, 3, 2)	70/3	62/3	56/3	33/2	40/3	58/3	508643/26546
(2, 3, 3)	151/6	64/3	25	13	97/6	43/2	4232066/199095
(2, 3, 4)	80/3	64/3	133/6	33/2	25/2	115/6	13908689/663650
(2, 3, 5)	24	58/3	45/2	97/6	27/2	46/3	6598142/331825
(2, 4, 0)	41/2	20	59/3	41/2	79/6	113/6	39660251/1990950
(2, 4, 1)	149/6	209/12	259/12	20	151/12	56/3	20582908/995475
(2, 4, 2)	29	313/12	53/3	76/3	23/2	239/12	22383028/995475
(2, 4, 3)	80/3	64/3	133/6	33/2	25/2	115/6	13908689/663650
(2, 4, 4)	33	331/12	22	157/6	32/3	239/12	24898819/995475
(2, 4, 5)	181/6	151/6	263/12	73/3	137/12	175/12	4613249/199095
(2, 5, 0)	59/3	59/3	59/3	59/3	15	31/2	508643/26546
(2, 5, 1)	71/3	101/6	65/3	19	14	91/6	6572391/331825
(2, 5, 2)	157/6	145/6	71/4	74/3	53/4	59/4	6991826/331825
(2, 5, 3)	24	58/3	45/2	97/6	27/2	46/3	6598142/331825
(2, 5, 4)	181/6	151/6	263/12	73/3	137/12	175/12	4613249/199095
(2, 5, 5)	59/2	151/6	89/4	25	161/12	51/4	3543341/153150
(3, 0, 0)	199/12	313/12	185/6	61/4	25	161/6	19201493/796380
(3, 0, 1)	251/12	69/4	53/2	59/4	109/6	41/2	16658581/796380
(3, 0, 2)	37/2	58/3	131/6	91/6	49/3	58/3	508643/26546
(3, 0, 3)	85/4	311/12	67/2	151/12	49/2	53/2	3984619/159276
(3, 0, 4)	131/6	121/6	51/2	46/3	31/2	58/3	1077273/51050
(3, 0, 5)	127/6	20	26	89/6	101/6	52/3	6905733/331825
(3, 1, 0)	251/12	69/4	53/2	59/4	109/6	41/2	16658581/796380
(3, 1, 1)	397/12	169/12	211/6	63/4	227/12	131/6	20404253/796380
(3, 1, 2)	139/6	16	23	91/6	89/6	37/2	7809713/398190
(3, 1, 3)	391/12	71/4	109/3	51/4	233/12	67/3	4122611/159276
(3, 1, 4)	191/6	67/4	191/6	61/4	169/12	55/3	47970937/1990950
(3, 1, 5)	185/6	49/3	193/6	89/6	15	97/6	23553551/995475
(3, 2, 0)	37/2	58/3	131/6	91/6	49/3	58/3	508643/26546
(3, 2, 1)	139/6	16	23	91/6	89/6	37/2	7809713/398190
(3, 2, 2)	70/3	62/3	56/3	33/2	40/3	58/3	508643/26546
(3, 2, 3)	151/6	64/3	25	13	97/6	43/2	4232066/199095
(3, 2, 4)	80/3	64/3	133/6	33/2	25/2	115/6	13908689/663650
(3, 2, 5)	24	58/3	45/2	97/6	27/2	46/3	6598142/331825
(3, 3, 0)	85/4	311/12	67/2	151/12	49/2	53/2	3984619/159276
(3, 3, 1)	391/12	71/4	109/3	51/4	233/12	67/3	4122611/159276
(3, 3, 2)	151/6	64/3	25	13	97/6	43/2	4232066/199095
(3, 3, 3)	141/4	115/4	44	45/4	107/4	61/2	8309009/265460
(3, 3, 4)	203/6	265/12	203/6	161/12	63/4	43/2	17146017/663650
(3, 3, 5)	191/6	21	211/6	79/6	35/2	18	50592071/1990950
(3, 4, 0)	131/6	121/6	51/2	46/3	31/2	58/3	1077273/51050
(3, 4, 1)	191/6	67/4	191/6	61/4	169/12	55/3	47970937/1990950
(3, 4, 2)	80/3	64/3	133/6	33/2	25/2	115/6	13908689/663650
(3, 4, 3)	203/6	265/12	203/6	161/12	63/4	43/2	17146017/663650
(3, 4, 4)	36	275/12	191/6	71/4	145/12	58/3	26148599/995475
(3, 4, 5)	100/3	62/3	32	17	77/6	46/3	637587/25525
(3, 5, 0)	127/6	20	26	89/6	101/6	52/3	6905733/331825
(3, 5, 1)	185/6	49/3	193/6	89/6	15	97/6	23553551/995475
(3, 5, 2)	24	58/3	45/2	97/6	27/2	46/3	6598142/331825
(3, 5, 3)	191/6	21	211/6	79/6	35/2	18	50592071/1990950
(3, 5, 4)	100/3	62/3	32	17	77/6	46/3	637587/25525
(3, 5, 5)	100/3	64/3	100/3	17	89/6	83/6	50532113/1990950
(4, 0, 0)	53/3	43/2	24	61/3	33/2	22	43179001/1990950
(4, 0, 1)	65/3	50/3	71/3	113/6	43/3	58/3	41233571/1990950
(4, 0, 2)	41/2	20	59/3	41/2	79/6	113/6	39660251/1990950
(4, 0, 3)	131/6	121/6	51/2	46/3	31/2	58/3	1077273/51050
(4, 0, 4)	49/2	133/6	74/3	22	37/3	39/2	45842153/1990950
(4, 0, 5)	71/3	125/6	24	39/2	79/6	31/2	42617339/1990950
(4, 1, 0)	65/3	50/3	71/3	113/6	43/3	58/3	41233571/1990950
(4, 1, 1)	65/2	29/2	385/12	235/12	15	61/3	25080388/995475
(4, 1, 2)	149/6	209/12	259/12	20	151/12	56/3	20582908/995475
(4, 1, 3)	191/6	67/4	191/6	61/4	169/12	55/3	47970937/1990950
(4, 1, 4)	205/6	19	125/4	251/12	71/6	56/3	25770964/995475
(4, 1, 5)	33	109/6	187/6	19	25/2	15	4915016/199095
(4, 2, 0)	41/2	20	59/3	41/2	79/6	113/6	39660251/1990950
(4, 2, 1)	149/6	209/12	259/12	20	151/12	56/3	20582908/995475
(4, 2, 2)	29	313/12	53/3	76/3	23/2	239/12	22383028/995475
(4, 2, 3)	80/3	64/3	133/6	33/2	25/2	115/6	13908689/663650
(4, 2, 4)	33	331/12	22	157/6	32/3	239/12	24898819/995475
(4, 2, 5)	181/6	151/6	263/12	73/3	137/12	175/12	4613249/199095
(4, 3, 0)	131/6	121/6	51/2	46/3	31/2	58/3	1077273/51050
(4, 3, 1)	191/6	67/4	191/6	61/4	169/12	55/3	47970937/1990950
(4, 3, 2)	80/3	64/3	133/6	33/2	25/2	115/6	13908689/663650
(4, 3, 3)	203/6	265/12	203/6	161/12	63/4	43/2	17146017/663650
(4, 3, 4)	36	275/12	191/6	71/4	145/12	58/3	26148599/995475
(4, 3, 5)	100/3	62/3	32	17	77/6	46/3	637587/25525
(4, 4, 0)	49/2	133/6	74/3	22	37/3	39/2	45842153/1990950
(4, 4, 1)	205/6	19	125/4	251/12	71/6	56/3	25770964/995475
(4, 4, 2)	33	331/12	22	157/6	32/3	239/12	24898819/995475
(4, 4, 3)	36	275/12	191/6	71/4	145/12	58/3	26148599/995475
(4, 4, 4)	45	65/2	35	123/4	41/4	83/4	22061243/663650
(4, 4, 5)	253/6	88/3	137/4	28	43/4	59/4	30613822/995475
(4, 5, 0)	71/3	125/6	24	39/2	79/6	31/2	42617339/1990950
(4, 5, 1)	33	109/6	187/6	19	25/2	15	4915016/199095
(4, 5, 2)	181/6	151/6	263/12	73/3	137/12	175/12	4613249/199095
(4, 5, 3)	100/3	62/3	32	17	77/6	46/3	637587/25525
(4, 5, 4)	253/6	88/3	137/4	28	43/4	59/4	30613822/995475
(4, 5, 5)	83/2	173/6	413/12	55/2	47/4	51/4	60308539/1990950
(5, 0, 0)	52/3	85/4	71/3	113/6	56/3	37/2	82465867/3981900
(5, 0, 1)	85/4	197/12	71/3	53/3	95/6	197/12	5307027/265460
(5, 0, 2)	59/3	59/3	59/3	59/3	15	31/2	508643/26546
(5, 0, 3)	127/6	20	26	89/6	101/6	52/3	6905733/331825
(5, 0, 4)	71/3	125/6	24	39/2	79/6	31/2	42617339/1990950
(5, 0, 5)	47/2	257/12	49/2	20	31/2	14	85953961/3981900
(5, 1, 0)	85/4	197/12	71/3	53/3	95/6	197/12	5307027/265460
(5, 1, 1)	127/4	57/4	193/6	37/2	49/3	69/4	32466809/1327300
(5, 1, 2)	71/3	101/6	65/3	19	14	91/6	6572391/331825
(5, 1, 3)	185/6	49/3	193/6	89/6	15	97/6	23553551/995475
(5, 1, 4)	33	109/6	187/6	19	25/2	15	4915016/199095
(5, 1, 5)	131/4	73/4	63/2	58/3	85/6	163/12	98324521/3981900
(5, 2, 0)	59/3	59/3	59/3	59/3	15	31/2	508643/26546
(5, 2, 1)	71/3	101/6	65/3	19	14	91/6	6572391/331825
(5, 2, 2)	157/6	145/6	71/4	74/3	53/4	59/4	6991826/331825
(5, 2, 3)	24	58/3	45/2	97/6	27/2	46/3	6598142/331825
(5, 2, 4)	181/6	151/6	263/12	73/3	137/12	175/12	4613249/199095
(5, 2, 5)	59/2	151/6	89/4	25	161/12	51/4	3543341/153150
(5, 3, 0)	127/6	20	26	89/6	101/6	52/3	6905733/331825
(5, 3, 1)	185/6	49/3	193/6	89/6	15	97/6	23553551/995475
(5, 3, 2)	24	58/3	45/2	97/6	27/2	46/3	6598142/331825
(5, 3, 3)	191/6	21	211/6	79/6	35/2	18	50592071/1990950
(5, 3, 4)	100/3	62/3	32	17	77/6	46/3	637587/25525
(5, 3, 5)	100/3	64/3	100/3	17	89/6	83/6	50532113/1990950
(5, 4, 0)	71/3	125/6	24	39/2	79/6	31/2	42617339/1990950
(5, 4, 1)	33	109/6	187/6	19	25/2	15	4915016/199095
(5, 4, 2)	181/6	151/6	263/12	73/3	137/12	175/12	4613249/199095
(5, 4, 3)	100/3	62/3	32	17	77/6	46/3	637587/25525
(5, 4, 4)	253/6	88/3	137/4	28	43/4	59/4	30613822/995475
(5, 4, 5)	83/2	173/6	413/12	55/2	47/4	51/4	60308539/1990950
(5, 5, 0)	47/2	257/12	49/2	20	31/2	14	85953961/3981900
(5, 5, 1)	131/4	73/4	63/2	58/3	85/6	163/12	98324521/3981900
(5, 5, 2)	59/2	151/6	89/4	25	161/12	51/4	3543341/153150
(5, 5, 3)	100/3	64/3	100/3	17	89/6	83/6	50532113/1990950
(5, 5, 4)	83/2	173/6	413/12	55/2	47/4	51/4	60308539/1990950
(5, 5, 5)	42	121/4	143/4	57/2	59/4	47/4	41365171/1327300
