history	action	original_terminal	deviation_terminal	slack
()	0	(2, 5, 0, 0)	(0, 2, 5, 0)	4
()	1	(2, 5, 0, 0)	(1, 2, 0, 3)	13/3
()	2	(2, 5, 0, 0)	(2, 5, 0, 0)	0
()	3	(2, 5, 0, 0)	(3, 0, 2, 2)	5/3
()	4	(2, 5, 0, 0)	(4, 0, 2, 3)	22/3
()	5	(2, 5, 0, 0)	(5, 2, 0, 0)	5/3
(0,)	0	(0, 2, 5, 0)	(0, 0, 2, 5)	4
(0,)	1	(0, 2, 5, 0)	(0, 1, 2, 3)	13/3
(0,)	2	(0, 2, 5, 0)	(0, 2, 5, 0)	0
(0,)	3	(0, 2, 5, 0)	(0, 3, 2, 2)	5/3
(0,)	4	(0, 2, 5, 0)	(0, 4, 2, 3)	22/3
(0,)	5	(0, 2, 5, 0)	(0, 5, 2, 0)	5/3
(1,)	0	(1, 2, 0, 3)	(1, 0, 2, 3)	10/3
(1,)	1	(1, 2, 0, 3)	(1, 1, 2, 0)	32/3
(1,)	2	(1, 2, 0, 3)	(1, 2, 0, 3)	0
(1,)	3	(1, 2, 0, 3)	(1, 3, 2, 0)	13/2
(1,)	4	(1, 2, 0, 3)	(1, 4, 0, 2)	10
(1,)	5	(1, 2, 0, 3)	(1, 5, 2, 0)	13/2
(2,)	0	(2, 5, 0, 0)	(2, 0, 5, 0)	7/3
(2,)	1	(2, 5, 0, 0)	(2, 1, 0, 3)	8/3
(2,)	2	(2, 5, 0, 0)	(2, 2, 0, 3)	1/6
(2,)	3	(2, 5, 0, 0)	(2, 3, 0, 2)	0
(2,)	4	(2, 5, 0, 0)	(2, 4, 0, 3)	17/3
(2,)	5	(2, 5, 0, 0)	(2, 5, 0, 0)	0
(3,)	0	(3, 0, 2, 2)	(3, 0, 2, 2)	0
(3,)	1	(3, 0, 2, 2)	(3, 1, 2, 0)	4
(3,)	2	(3, 0, 2, 2)	(3, 2, 0, 2)	3/2
(3,)	3	(3, 0, 2, 2)	(3, 3, 2, 0)	49/6
(3,)	4	(3, 0, 2, 2)	(3, 4, 0, 2)	7
(3,)	5	(3, 0, 2, 2)	(3, 5, 2, 0)	4
(4,)	0	(4, 0, 2, 3)	(4, 0, 2, 3)	0
(4,)	1	(4, 0, 2, 3)	(4, 1, 0, 2)	20/3
(4,)	2	(4, 0, 2, 3)	(4, 2, 0, 3)	7/6
(4,)	3	(4, 0, 2, 3)	(4, 3, 0, 2)	37/6
(4,)	4	(4, 0, 2, 3)	(4, 4, 0, 2)	27/2
(4,)	5	(4, 0, 2, 3)	(4, 5, 0, 2)	47/6
(5,)	0	(5, 2, 0, 0)	(5, 0, 2, 0)	4
(5,)	1	(5, 2, 0, 0)	(5, 1, 2, 0)	4
(5,)	2	(5, 2, 0, 0)	(5, 2, 0, 0)	0
(5,)	3	(5, 2, 0, 0)	(5, 3, 2, 0)	4
(5,)	4	(5, 2, 0, 0)	(5, 4, 0, 2)	26/3
(5,)	5	(5, 2, 0, 0)	(5, 5, 0, 2)	49/6
(0, 0)	0	(0, 0, 2, 5)	(0, 0, 0, 2)	8
(0, 0)	1	(0, 0, 2, 5)	(0, 0, 1, 2)	10/3
(0, 0)	2	(0, 0, 2, 5)	(0, 0, 2, 5)	0
(0, 0)	3	(0, 0, 2, 5)	(0, 0, 3, 2)	5/2
(0, 0)	4	(0, 0, 2, 5)	(0, 0, 4, 2)	14/3
(0, 0)	5	(0, 0, 2, 5)	(0, 0, 5, 2)	5/3
(0, 1)	0	(0, 1, 2, 3)	(0, 1, 0, 2)	49/6
(0, 1)	1	(0, 1, 2, 3)	(0, 1, 1, 2)	32/3
(0, 1)	2	(0, 1, 2, 3)	(0, 1, 2, 3)	0
(0, 1)	3	(0, 1, 2, 3)	(0, 1, 3, 2)	13/2
(0, 1)	4	(0, 1, 2, 3)	(0, 1, 4, 2)	10
(0, 1)	5	(0, 1, 2, 3)	(0, 1, 5, 2)	13/2
(0, 2)	0	(0, 2, 5, 0)	(0, 2, 0, 5)	7/3
(0, 2)	1	(0, 2, 5, 0)	(0, 2, 1, 3)	8/3
(0, 2)	2	(0, 2, 5, 0)	(0, 2, 2, 3)	1/6
(0, 2)	3	(0, 2, 5, 0)	(0, 2, 3, 2)	0
(0, 2)	4	(0, 2, 5, 0)	(0, 2, 4, 3)	17/3
(0, 2)	5	(0, 2, 5, 0)	(0, 2, 5, 0)	0
(0, 3)	0	(0, 3, 2, 2)	(0, 3, 0, 2)	10/3
(0, 3)	1	(0, 3, 2, 2)	(0, 3, 1, 2)	5/2
(0, 3)	2	(0, 3, 2, 2)	(0, 3, 2, 2)	0
(0, 3)	3	(0, 3, 2, 2)	(0, 3, 3, 2)	20/3
(0, 3)	4	(0, 3, 2, 2)	(0, 3, 4, 2)	11/2
(0, 3)	5	(0, 3, 2, 2)	(0, 3, 5, 2)	5/2
(0, 4)	0	(0, 4, 2, 3)	(0, 4, 0, 2)	5
(0, 4)	1	(0, 4, 2, 3)	(0, 4, 1, 2)	11/2
(0, 4)	2	(0, 4, 2, 3)	(0, 4, 2, 3)	0
(0, 4)	3	(0, 4, 2, 3)	(0, 4, 3, 2)	5
(0, 4)	4	(0, 4, 2, 3)	(0, 4, 4, 2)	37/3
(0, 4)	5	(0, 4, 2, 3)	(0, 4, 5, 2)	20/3
(0, 5)	0	(0, 5, 2, 0)	(0, 5, 0, 2)	4
(0, 5)	1	(0, 5, 2, 0)	(0, 5, 1, 2)	4
(0, 5)	2	(0, 5, 2, 0)	(0, 5, 2, 0)	0
(0, 5)	3	(0, 5, 2, 0)	(0, 5, 3, 2)	4
(0, 5)	4	(0, 5, 2, 0)	(0, 5, 4, 2)	26/3
(0, 5)	5	(0, 5, 2, 0)	(0, 5, 5, 2)	49/6
(1, 0)	0	(1, 0, 2, 3)	(1, 0, 0, 2)	49/6
(1, 0)	1	(1, 0, 2, 3)	(1, 0, 1, 2)	32/3
(1, 0)	2	(1, 0, 2, 3)	(1, 0, 2, 3)	0
(1, 0)	3	(1, 0, 2, 3)	(1, 0, 3, 2)	13/2
(1, 0)	4	(1, 0, 2, 3)	(1, 0, 4, 2)	10
(1, 0)	5	(1, 0, 2, 3)	(1, 0, 5, 2)	13/2
(1, 1)	0	(1, 1, 2, 0)	(1, 1, 0, 2)	5/3
(1, 1)	1	(1, 1, 2, 0)	(1, 1, 1, 2)	47/4
(1, 1)	2	(1, 1, 2, 0)	(1, 1, 2, 0)	0
(1, 1)	3	(1, 1, 2, 0)	(1, 1, 3, 2)	14/3
(1, 1)	4	(1, 1, 2, 0)	(1, 1, 4, 0)	19/3
(1, 1)	5	(1, 1, 2, 0)	(1, 1, 5, 2)	13/3
(1, 2)	0	(1, 2, 0, 3)	(1, 2, 0, 3)	0
(1, 2)	1	(1, 2, 0, 3)	(1, 2, 1, 0)	22/3
(1, 2)	2	(1, 2, 0, 3)	(1, 2, 2, 0)	19/6
(1, 2)	3	(1, 2, 0, 3)	(1, 2, 3, 0)	19/6
(1, 2)	4	(1, 2, 0, 3)	(1, 2, 4, 0)	20/3
(1, 2)	5	(1, 2, 0, 3)	(1, 2, 5, 0)	19/6
(1, 3)	0	(1, 3, 2, 0)	(1, 3, 0, 2)	10/3
(1, 3)	1	(1, 3, 2, 0)	(1, 3, 1, 2)	21/2
(1, 3)	2	(1, 3, 2, 0)	(1, 3, 2, 0)	0
(1, 3)	3	(1, 3, 2, 0)	(1, 3, 3, 2)	34/3
(1, 3)	4	(1, 3, 2, 0)	(1, 3, 4, 0)	25/3
(1, 3)	5	(1, 3, 2, 0)	(1, 3, 5, 2)	8
(1, 4)	0	(1, 4, 0, 2)	(1, 4, 0, 2)	0
(1, 4)	1	(1, 4, 0, 2)	(1, 4, 1, 0)	49/6
(1, 4)	2	(1, 4, 0, 2)	(1, 4, 2, 0)	7/6
(1, 4)	3	(1, 4, 0, 2)	(1, 4, 3, 0)	6
(1, 4)	4	(1, 4, 0, 2)	(1, 4, 4, 0)	21/2
(1, 4)	5	(1, 4, 0, 2)	(1, 4, 5, 0)	11/2
(1, 5)	0	(1, 5, 2, 0)	(1, 5, 0, 2)	0
(1, 5)	1	(1, 5, 2, 0)	(1, 5, 1, 2)	41/6
(1, 5)	2	(1, 5, 2, 0)	(1, 5, 2, 0)	0
(1, 5)	3	(1, 5, 2, 0)	(1, 5, 3, 2)	14/3
(1, 5)	4	(1, 5, 2, 0)	(1, 5, 4, 0)	47/6
(1, 5)	5	(1, 5, 2, 0)	(1, 5, 5, 0)	29/4
(2, 0)	0	(2, 0, 5, 0)	(2, 0, 0, 5)	7/3
(2, 0)	1	(2, 0, 5, 0)	(2, 0, 1, 3)	8/3
(2, 0)	2	(2, 0, 5, 0)	(2, 0, 2, 3)	1/6
(2, 0)	3	(2, 0, 5, 0)	(2, 0, 3, 2)	0
(2, 0)	4	(2, 0, 5, 0)	(2, 0, 4, 3)	17/3
(2, 0)	5	(2, 0, 5, 0)	(2, 0, 5, 0)	0
(2, 1)	0	(2, 1, 0, 3)	(2, 1, 0, 3)	0
(2, 1)	1	(2, 1, 0, 3)	(2, 1, 1, 0)	22/3
(2, 1)	2	(2, 1, 0, 3)	(2, 1, 2, 0)	19/6
(2, 1)	3	(2, 1, 0, 3)	(2, 1, 3, 0)	19/6
(2, 1)	4	(2, 1, 0, 3)	(2, 1, 4, 0)	20/3
(2, 1)	5	(2, 1, 0, 3)	(2, 1, 5, 0)	19/6
(2, 2)	0	(2, 2, 0, 3)	(2, 2, 0, 3)	0
(2, 2)	1	(2, 2, 0, 3)	(2, 2, 1, 0)	23/6
(2, 2)	2	(2, 2, 0, 3)	(2, 2, 2, 0)	6
(2, 2)	3	(2, 2, 0, 3)	(2, 2, 3, 0)	4/3
(2, 2)	4	(2, 2, 0, 3)	(2, 2, 4, 0)	23/3
(2, 2)	5	(2, 2, 0, 3)	(2, 2, 5, 0)	23/6
(2, 3)	0	(2, 3, 0, 2)	(2, 3, 0, 2)	0
(2, 3)	1	(2, 3, 0, 2)	(2, 3, 1, 0)	4
(2, 3)	2	(2, 3, 0, 2)	(2, 3, 2, 0)	3/2
(2, 3)	3	(2, 3, 0, 2)	(2, 3, 3, 0)	49/6
(2, 3)	4	(2, 3, 0, 2)	(2, 3, 4, 0)	7
(2, 3)	5	(2, 3, 0, 2)	(2, 3, 5, 0)	4
(2, 4)	0	(2, 4, 0, 3)	(2, 4, 0, 3)	0
(2, 4)	1	(2, 4, 0, 3)	(2, 4, 1, 0)	20/3
(2, 4)	2	(2, 4, 0, 3)	(2, 4, 2, 0)	7
(2, 4)	3	(2, 4, 0, 3)	(2, 4, 3, 0)	37/6
(2, 4)	4	(2, 4, 0, 3)	(2, 4, 4, 0)	27/2
(2, 4)	5	(2, 4, 0, 3)	(2, 4, 5, 0)	47/6
(2, 5)	0	(2, 5, 0, 0)	(2, 5, 0, 0)	0
(2, 5)	1	(2, 5, 0, 0)	(2, 5, 1, 0)	0
(2, 5)	2	(2, 5, 0, 0)	(2, 5, 2, 0)	0
(2, 5)	3	(2, 5, 0, 0)	(2, 5, 3, 0)	0
(2, 5)	4	(2, 5, 0, 0)	(2, 5, 4, 0)	14/3
(2, 5)	5	(2, 5, 0, 0)	(2, 5, 5, 0)	25/6
(3, 0)	0	(3, 0, 2, 2)	(3, 0, 0, 2)	10/3
(3, 0)	1	(3, 0, 2, 2)	(3, 0, 1, 2)	5/2
(3, 0)	2	(3, 0, 2, 2)	(3, 0, 2, 2)	0
(3, 0)	3	(3, 0, 2, 2)	(3, 0, 3, 2)	20/3
(3, 0)	4	(3, 0, 2, 2)	(3, 0, 4, 2)	11/2
(3, 0)	5	(3, 0, 2, 2)	(3, 0, 5, 2)	5/2
(3, 1)	0	(3, 1, 2, 0)	(3, 1, 0, 2)	10/3
(3, 1)	1	(3, 1, 2, 0)	(3, 1, 1, 2)	21/2
(3, 1)	2	(3, 1, 2, 0)	(3, 1, 2, 0)	0
(3, 1)	3	(3, 1, 2, 0)	(3, 1, 3, 2)	34/3
(3, 1)	4	(3, 1, 2, 0)	(3, 1, 4, 0)	25/3
(3, 1)	5	(3, 1, 2, 0)	(3, 1, 5, 2)	8
(3, 2)	0	(3, 2, 0, 2)	(3, 2, 0, 2)	0
(3, 2)	1	(3, 2, 0, 2)	(3, 2, 1, 0)	4
(3, 2)	2	(3, 2, 0, 2)	(3, 2, 2, 0)	3/2
(3, 2)	3	(3, 2, 0, 2)	(3, 2, 3, 0)	49/6
(3, 2)	4	(3, 2, 0, 2)	(3, 2, 4, 0)	7
(3, 2)	5	(3, 2, 0, 2)	(3, 2, 5, 0)	4
(3, 3)	0	(3, 3, 2, 0)	(3, 3, 0, 2)	25/3
(3, 3)	1	(3, 3, 2, 0)	(3, 3, 1, 2)	73/6
(3, 3)	2	(3, 3, 2, 0)	(3, 3, 2, 0)	0
(3, 3)	3	(3, 3, 2, 0)	(3, 3, 3, 2)	41/2
(3, 3)	4	(3, 3, 2, 0)	(3, 3, 4, 0)	9
(3, 3)	5	(3, 3, 2, 0)	(3, 3, 5, 2)	12
(3, 4)	0	(3, 4, 0, 2)	(3, 4, 0, 2)	0
(3, 4)	1	(3, 4, 0, 2)	(3, 4, 1, 0)	13/2
(3, 4)	2	(3, 4, 0, 2)	(3, 4, 2, 0)	7/6
(3, 4)	3	(3, 4, 0, 2)	(3, 4, 3, 0)	34/3
(3, 4)	4	(3, 4, 0, 2)	(3, 4, 4, 0)	67/6
(3, 4)	5	(3, 4, 0, 2)	(3, 4, 5, 0)	22/3
(3, 5)	0	(3, 5, 2, 0)	(3, 5, 0, 2)	2
(3, 5)	1	(3, 5, 2, 0)	(3, 5, 1, 2)	20/3
(3, 5)	2	(3, 5, 2, 0)	(3, 5, 2, 0)	0
(3, 5)	3	(3, 5, 2, 0)	(3, 5, 3, 2)	59/6
(3, 5)	4	(3, 5, 2, 0)	(3, 5, 4, 0)	55/6
(3, 5)	5	(3, 5, 2, 0)	(3, 5, 5, 2)	32/3
(4, 0)	0	(4, 0, 2, 3)	(4, 0, 0, 2)	5
(4, 0)	1	(4, 0, 2, 3)	(4, 0, 1, 2)	11/2
(4, 0)	2	(4, 0, 2, 3)	(4, 0, 2, 3)	0
(4, 0)	3	(4, 0, 2, 3)	(4, 0, 3, 2)	5
(4, 0)	4	(4, 0, 2, 3)	(4, 0, 4, 2)	37/3
(4, 0)	5	(4, 0, 2, 3)	(4, 0, 5, 2)	20/3
(4, 1)	0	(4, 1, 0, 2)	(4, 1, 0, 2)	0
(4, 1)	1	(4, 1, 0, 2)	(4, 1, 1, 0)	49/6
(4, 1)	2	(4, 1, 0, 2)	(4, 1, 2, 0)	7/6
(4, 1)	3	(4, 1, 0, 2)	(4, 1, 3, 0)	6
(4, 1)	4	(4, 1, 0, 2)	(4, 1, 4, 0)	21/2
(4, 1)	5	(4, 1, 0, 2)	(4, 1, 5, 0)	11/2
(4, 2)	0	(4, 2, 0, 3)	(4, 2, 0, 3)	0
(4, 2)	1	(4, 2, 0, 3)	(4, 2, 1, 0)	20/3
(4, 2)	2	(4, 2, 0, 3)	(4, 2, 2, 0)	7
(4, 2)	3	(4, 2, 0, 3)	(4, 2, 3, 0)	37/6
(4, 2)	4	(4, 2, 0, 3)	(4, 2, 4, 0)	27/2
(4, 2)	5	(4, 2, 0, 3)	(4, 2, 5, 0)	47/6
(4, 3)	0	(4, 3, 0, 2)	(4, 3, 0, 2)	0
(4, 3)	1	(4, 3, 0, 2)	(4, 3, 1, 0)	13/2
(4, 3)	2	(4, 3, 0, 2)	(4, 3, 2, 0)	7/6
(4, 3)	3	(4, 3, 0, 2)	(4, 3, 3, 0)	34/3
(4, 3)	4	(4, 3, 0, 2)	(4, 3, 4, 0)	67/6
(4, 3)	5	(4, 3, 0, 2)	(4, 3, 5, 0)	22/3
(4, 4)	0	(4, 4, 0, 2)	(4, 4, 0, 2)	0
(4, 4)	1	(4, 4, 0, 2)	(4, 4, 1, 0)	65/6
(4, 4)	2	(4, 4, 0, 2)	(4, 4, 2, 0)	25/3
(4, 4)	3	(4, 4, 0, 2)	(4, 4, 3, 0)	11
(4, 4)	4	(4, 4, 0, 2)	(4, 4, 4, 0)	62/3
(4, 4)	5	(4, 4, 0, 2)	(4, 4, 5, 0)	27/2
(4, 5)	0	(4, 5, 0, 2)	(4, 5, 0, 2)	0
(4, 5)	1	(4, 5, 0, 2)	(4, 5, 1, 0)	28/3
(4, 5)	2	(4, 5, 0, 2)	(4, 5, 2, 0)	37/6
(4, 5)	3	(4, 5, 0, 2)	(4, 5, 3, 0)	32/3
(4, 5)	4	(4, 5, 0, 2)	(4, 5, 4, 0)	17
(4, 5)	5	(4, 5, 0, 2)	(4, 5, 5, 0)	44/3
(5, 0)	0	(5, 0, 2, 0)	(5, 0, 0, 2)	4
(5, 0)	1	(5, 0, 2, 0)	(5, 0, 1, 2)	4
(5, 0)	2	(5, 0, 2, 0)	(5, 0, 2, 0)	0
(5, 0)	3	(5, 0, 2, 0)	(5, 0, 3, 2)	4
(5, 0)	4	(5, 0, 2, 0)	(5, 0, 4, 2)	26/3
(5, 0)	5	(5, 0, 2, 0)	(5, 0, 5, 2)	49/6
(5, 1)	0	(5, 1, 2, 0)	(5, 1, 0, 2)	0
(5, 1)	1	(5, 1, 2, 0)	(5, 1, 1, 2)	41/6
(5, 1)	2	(5, 1, 2, 0)	(5, 1, 2, 0)	0
(5, 1)	3	(5, 1, 2, 0)	(5, 1, 3, 2)	14/3
(5, 1)	4	(5, 1, 2, 0)	(5, 1, 4, 0)	47/6
(5, 1)	5	(5, 1, 2, 0)	(5, 1, 5, 0)	29/4
(5, 2)	0	(5, 2, 0, 0)	(5, 2, 0, 0)	0
(5, 2)	1	(5, 2, 0, 0)	(5, 2, 1, 0)	0
(5, 2)	2	(5, 2, 0, 0)	(5, 2, 2, 0)	0
(5, 2)	3	(5, 2, 0, 0)	(5, 2, 3, 0)	0
(5, 2)	4	(5, 2, 0, 0)	(5, 2, 4, 0)	14/3
(5, 2)	5	(5, 2, 0, 0)	(5, 2, 5, 0)	25/6
(5, 3)	0	(5, 3, 2, 0)	(5, 3, 0, 2)	2
(5, 3)	1	(5, 3, 2, 0)	(5, 3, 1, 2)	20/3
(5, 3)	2	(5, 3, 2, 0)	(5, 3, 2, 0)	0
(5, 3)	3	(5, 3, 2, 0)	(5, 3, 3, 2)	59/6
(5, 3)	4	(5, 3, 2, 0)	(5, 3, 4, 0)	55/6
(5, 3)	5	(5, 3, 2, 0)	(5, 3, 5, 2)	32/3
(5, 4)	0	(5, 4, 0, 2)	(5, 4, 0, 2)	0
(5, 4)	1	(5, 4, 0, 2)	(5, 4, 1, 0)	28/3
(5, 4)	2	(5, 4, 0, 2)	(5, 4, 2, 0)	37/6
(5, 4)	3	(5, 4, 0, 2)	(5, 4, 3, 0)	32/3
(5, 4)	4	(5, 4, 0, 2)	(5, 4, 4, 0)	17
(5, 4)	5	(5, 4, 0, 2)	(5, 4, 5, 0)	44/3
(5, 5)	0	(5, 5, 0, 2)	(5, 5, 0, 2)	0
(5, 5)	1	(5, 5, 0, 2)	(5, 5, 1, 0)	97/12
(5, 5)	2	(5, 5, 0, 2)	(5, 5, 2, 0)	5
(5, 5)	3	(5, 5, 0, 2)	(5, 5, 3, 2)	9/2
(5, 5)	4	(5, 5, 0, 2)	(5, 5, 4, 0)	14
(5, 5)	5	(5, 5, 0, 2)	(5, 5, 5, 0)	31/2
(0, 0, 0)	0	(0, 0, 0, 2)	(0, 0, 0, 0)	71/4
(0, 0, 0)	1	(0, 0, 0, 2)	(0, 0, 0, 1)	5/2
(0, 0, 0)	2	(0, 0, 0, 2)	(0, 0, 0, 2)	0
(0, 0, 0)	3	(0, 0, 0, 2)	(0, 0, 0, 3)	35/4
(0, 0, 0)	4	(0, 0, 0, 2)	(0, 0, 0, 4)	3
(0, 0, 0)	5	(0, 0, 0, 2)	(0, 0, 0, 5)	0
(0, 0, 1)	0	(0, 0, 1, 2)	(0, 0, 1, 0)	43/6
(0, 0, 1)	1	(0, 0, 1, 2)	(0, 0, 1, 1)	6
(0, 0, 1)	2	(0, 0, 1, 2)	(0, 0, 1, 2)	0
(0, 0, 1)	3	(0, 0, 1, 2)	(0, 0, 1, 3)	47/12
(0, 0, 1)	4	(0, 0, 1, 2)	(0, 0, 1, 4)	23/6
(0, 0, 1)	5	(0, 0, 1, 2)	(0, 0, 1, 5)	3/4
(0, 0, 2)	0	(0, 0, 2, 5)	(0, 0, 2, 0)	19/3
(0, 0, 2)	1	(0, 0, 2, 5)	(0, 0, 2, 1)	5/3
(0, 0, 2)	2	(0, 0, 2, 5)	(0, 0, 2, 2)	1
(0, 0, 2)	3	(0, 0, 2, 5)	(0, 0, 2, 3)	5/6
(0, 0, 2)	4	(0, 0, 2, 5)	(0, 0, 2, 4)	3
(0, 0, 2)	5	(0, 0, 2, 5)	(0, 0, 2, 5)	0
(0, 0, 3)	0	(0, 0, 3, 2)	(0, 0, 3, 0)	57/4
(0, 0, 3)	1	(0, 0, 3, 2)	(0, 0, 3, 1)	19/4
(0, 0, 3)	2	(0, 0, 3, 2)	(0, 0, 3, 2)	0
(0, 0, 3)	3	(0, 0, 3, 2)	(0, 0, 3, 3)	187/12
(0, 0, 3)	4	(0, 0, 3, 2)	(0, 0, 3, 4)	35/6
(0, 0, 3)	5	(0, 0, 3, 2)	(0, 0, 3, 5)	4
(0, 0, 4)	0	(0, 0, 4, 2)	(0, 0, 4, 0)	19/3
(0, 0, 4)	1	(0, 0, 4, 2)	(0, 0, 4, 1)	5/2
(0, 0, 4)	2	(0, 0, 4, 2)	(0, 0, 4, 2)	0
(0, 0, 4)	3	(0, 0, 4, 2)	(0, 0, 4, 3)	11/3
(0, 0, 4)	4	(0, 0, 4, 2)	(0, 0, 4, 4)	15/2
(0, 0, 4)	5	(0, 0, 4, 2)	(0, 0, 4, 5)	2
(0, 0, 5)	0	(0, 0, 5, 2)	(0, 0, 5, 0)	19/3
(0, 0, 5)	1	(0, 0, 5, 2)	(0, 0, 5, 1)	29/12
(0, 0, 5)	2	(0, 0, 5, 2)	(0, 0, 5, 2)	0
(0, 0, 5)	3	(0, 0, 5, 2)	(0, 0, 5, 3)	29/6
(0, 0, 5)	4	(0, 0, 5, 2)	(0, 0, 5, 4)	5
(0, 0, 5)	5	(0, 0, 5, 2)	(0, 0, 5, 5)	31/6
(0, 1, 0)	0	(0, 1, 0, 2)	(0, 1, 0, 0)	43/6
(0, 1, 0)	1	(0, 1, 0, 2)	(0, 1, 0, 1)	6
(0, 1, 0)	2	(0, 1, 0, 2)	(0, 1, 0, 2)	0
(0, 1, 0)	3	(0, 1, 0, 2)	(0, 1, 0, 3)	47/12
(0, 1, 0)	4	(0, 1, 0, 2)	(0, 1, 0, 4)	23/6
(0, 1, 0)	5	(0, 1, 0, 2)	(0, 1, 0, 5)	3/4
(0, 1, 1)	0	(0, 1, 1, 2)	(0, 1, 1, 0)	7/2
(0, 1, 1)	1	(0, 1, 1, 2)	(0, 1, 1, 1)	34/3
(0, 1, 1)	2	(0, 1, 1, 2)	(0, 1, 1, 2)	0
(0, 1, 1)	3	(0, 1, 1, 2)	(0, 1, 1, 3)	61/12
(0, 1, 1)	4	(0, 1, 1, 2)	(0, 1, 1, 4)	19/3
(0, 1, 1)	5	(0, 1, 1, 2)	(0, 1, 1, 5)	37/12
(0, 1, 2)	0	(0, 1, 2, 3)	(0, 1, 2, 0)	5/3
(0, 1, 2)	1	(0, 1, 2, 3)	(0, 1, 2, 1)	25/6
(0, 1, 2)	2	(0, 1, 2, 3)	(0, 1, 2, 2)	0
(0, 1, 2)	3	(0, 1, 2, 3)	(0, 1, 2, 3)	0
(0, 1, 2)	4	(0, 1, 2, 3)	(0, 1, 2, 4)	7/2
(0, 1, 2)	5	(0, 1, 2, 3)	(0, 1, 2, 5)	0
(0, 1, 3)	0	(0, 1, 3, 2)	(0, 1, 3, 0)	67/12
(0, 1, 3)	1	(0, 1, 3, 2)	(0, 1, 3, 1)	37/4
(0, 1, 3)	2	(0, 1, 3, 2)	(0, 1, 3, 2)	0
(0, 1, 3)	3	(0, 1, 3, 2)	(0, 1, 3, 3)	47/4
(0, 1, 3)	4	(0, 1, 3, 2)	(0, 1, 3, 4)	25/3
(0, 1, 3)	5	(0, 1, 3, 2)	(0, 1, 3, 5)	6
(0, 1, 4)	0	(0, 1, 4, 2)	(0, 1, 4, 0)	2
(0, 1, 4)	1	(0, 1, 4, 2)	(0, 1, 4, 1)	7
(0, 1, 4)	2	(0, 1, 4, 2)	(0, 1, 4, 2)	0
(0, 1, 4)	3	(0, 1, 4, 2)	(0, 1, 4, 3)	29/6
(0, 1, 4)	4	(0, 1, 4, 2)	(0, 1, 4, 4)	28/3
(0, 1, 4)	5	(0, 1, 4, 2)	(0, 1, 4, 5)	13/3
(0, 1, 5)	0	(0, 1, 5, 2)	(0, 1, 5, 0)	29/12
(0, 1, 5)	1	(0, 1, 5, 2)	(0, 1, 5, 1)	29/4
(0, 1, 5)	2	(0, 1, 5, 2)	(0, 1, 5, 2)	0
(0, 1, 5)	3	(0, 1, 5, 2)	(0, 1, 5, 3)	6
(0, 1, 5)	4	(0, 1, 5, 2)	(0, 1, 5, 4)	47/6
(0, 1, 5)	5	(0, 1, 5, 2)	(0, 1, 5, 5)	29/4
(0, 2, 0)	0	(0, 2, 0, 5)	(0, 2, 0, 0)	19/3
(0, 2, 0)	1	(0, 2, 0, 5)	(0, 2, 0, 1)	5/3
(0, 2, 0)	2	(0, 2, 0, 5)	(0, 2, 0, 2)	1
(0, 2, 0)	3	(0, 2, 0, 5)	(0, 2, 0, 3)	5/6
(0, 2, 0)	4	(0, 2, 0, 5)	(0, 2, 0, 4)	3
(0, 2, 0)	5	(0, 2, 0, 5)	(0, 2, 0, 5)	0
(0, 2, 1)	0	(0, 2, 1, 3)	(0, 2, 1, 0)	5/3
(0, 2, 1)	1	(0, 2, 1, 3)	(0, 2, 1, 1)	25/6
(0, 2, 1)	2	(0, 2, 1, 3)	(0, 2, 1, 2)	0
(0, 2, 1)	3	(0, 2, 1, 3)	(0, 2, 1, 3)	0
(0, 2, 1)	4	(0, 2, 1, 3)	(0, 2, 1, 4)	7/2
(0, 2, 1)	5	(0, 2, 1, 3)	(0, 2, 1, 5)	0
(0, 2, 2)	0	(0, 2, 2, 3)	(0, 2, 2, 0)	7/2
(0, 2, 2)	1	(0, 2, 2, 3)	(0, 2, 2, 1)	5/2
(0, 2, 2)	2	(0, 2, 2, 3)	(0, 2, 2, 2)	14/3
(0, 2, 2)	3	(0, 2, 2, 3)	(0, 2, 2, 3)	0
(0, 2, 2)	4	(0, 2, 2, 3)	(0, 2, 2, 4)	19/3
(0, 2, 2)	5	(0, 2, 2, 3)	(0, 2, 2, 5)	5/2
(0, 2, 3)	0	(0, 2, 3, 2)	(0, 2, 3, 0)	10/3
(0, 2, 3)	1	(0, 2, 3, 2)	(0, 2, 3, 1)	5/2
(0, 2, 3)	2	(0, 2, 3, 2)	(0, 2, 3, 2)	0
(0, 2, 3)	3	(0, 2, 3, 2)	(0, 2, 3, 3)	20/3
(0, 2, 3)	4	(0, 2, 3, 2)	(0, 2, 3, 4)	11/2
(0, 2, 3)	5	(0, 2, 3, 2)	(0, 2, 3, 5)	5/2
(0, 2, 4)	0	(0, 2, 4, 3)	(0, 2, 4, 0)	0
(0, 2, 4)	1	(0, 2, 4, 3)	(0, 2, 4, 1)	1/2
(0, 2, 4)	2	(0, 2, 4, 3)	(0, 2, 4, 2)	5/6
(0, 2, 4)	3	(0, 2, 4, 3)	(0, 2, 4, 3)	0
(0, 2, 4)	4	(0, 2, 4, 3)	(0, 2, 4, 4)	22/3
(0, 2, 4)	5	(0, 2, 4, 3)	(0, 2, 4, 5)	5/3
(0, 2, 5)	0	(0, 2, 5, 0)	(0, 2, 5, 0)	0
(0, 2, 5)	1	(0, 2, 5, 0)	(0, 2, 5, 1)	0
(0, 2, 5)	2	(0, 2, 5, 0)	(0, 2, 5, 2)	0
(0, 2, 5)	3	(0, 2, 5, 0)	(0, 2, 5, 3)	0
(0, 2, 5)	4	(0, 2, 5, 0)	(0, 2, 5, 4)	14/3
(0, 2, 5)	5	(0, 2, 5, 0)	(0, 2, 5, 5)	25/6
(0, 3, 0)	0	(0, 3, 0, 2)	(0, 3, 0, 0)	57/4
(0, 3, 0)	1	(0, 3, 0, 2)	(0, 3, 0, 1)	19/4
(0, 3, 0)	2	(0, 3, 0, 2)	(0, 3, 0, 2)	0
(0, 3, 0)	3	(0, 3, 0, 2)	(0, 3, 0, 3)	187/12
(0, 3, 0)	4	(0, 3, 0, 2)	(0, 3, 0, 4)	35/6
(0, 3, 0)	5	(0, 3, 0, 2)	(0, 3, 0, 5)	4
(0, 3, 1)	0	(0, 3, 1, 2)	(0, 3, 1, 0)	67/12
(0, 3, 1)	1	(0, 3, 1, 2)	(0, 3, 1, 1)	37/4
(0, 3, 1)	2	(0, 3, 1, 2)	(0, 3, 1, 2)	0
(0, 3, 1)	3	(0, 3, 1, 2)	(0, 3, 1, 3)	47/4
(0, 3, 1)	4	(0, 3, 1, 2)	(0, 3, 1, 4)	25/3
(0, 3, 1)	5	(0, 3, 1, 2)	(0, 3, 1, 5)	6
(0, 3, 2)	0	(0, 3, 2, 2)	(0, 3, 2, 0)	10/3
(0, 3, 2)	1	(0, 3, 2, 2)	(0, 3, 2, 1)	5/2
(0, 3, 2)	2	(0, 3, 2, 2)	(0, 3, 2, 2)	0
(0, 3, 2)	3	(0, 3, 2, 2)	(0, 3, 2, 3)	20/3
(0, 3, 2)	4	(0, 3, 2, 2)	(0, 3, 2, 4)	11/2
(0, 3, 2)	5	(0, 3, 2, 2)	(0, 3, 2, 5)	5/2
(0, 3, 3)	0	(0, 3, 3, 2)	(0, 3, 3, 0)	49/4
(0, 3, 3)	1	(0, 3, 3, 2)	(0, 3, 3, 1)	91/12
(0, 3, 3)	2	(0, 3, 3, 2)	(0, 3, 3, 2)	0
(0, 3, 3)	3	(0, 3, 3, 2)	(0, 3, 3, 3)	251/12
(0, 3, 3)	4	(0, 3, 3, 2)	(0, 3, 3, 4)	9
(0, 3, 3)	5	(0, 3, 3, 2)	(0, 3, 3, 5)	7
(0, 3, 4)	0	(0, 3, 4, 2)	(0, 3, 4, 0)	11/3
(0, 3, 4)	1	(0, 3, 4, 2)	(0, 3, 4, 1)	16/3
(0, 3, 4)	2	(0, 3, 4, 2)	(0, 3, 4, 2)	0
(0, 3, 4)	3	(0, 3, 4, 2)	(0, 3, 4, 3)	61/6
(0, 3, 4)	4	(0, 3, 4, 2)	(0, 3, 4, 4)	10
(0, 3, 4)	5	(0, 3, 4, 2)	(0, 3, 4, 5)	37/6
(0, 3, 5)	0	(0, 3, 5, 2)	(0, 3, 5, 0)	29/6
(0, 3, 5)	1	(0, 3, 5, 2)	(0, 3, 5, 1)	6
(0, 3, 5)	2	(0, 3, 5, 2)	(0, 3, 5, 2)	0
(0, 3, 5)	3	(0, 3, 5, 2)	(0, 3, 5, 3)	67/6
(0, 3, 5)	4	(0, 3, 5, 2)	(0, 3, 5, 4)	55/6
(0, 3, 5)	5	(0, 3, 5, 2)	(0, 3, 5, 5)	26/3
(0, 4, 0)	0	(0, 4, 0, 2)	(0, 4, 0, 0)	19/3
(0, 4, 0)	1	(0, 4, 0, 2)	(0, 4, 0, 1)	5/2
(0, 4, 0)	2	(0, 4, 0, 2)	(0, 4, 0, 2)	0
(0, 4, 0)	3	(0, 4, 0, 2)	(0, 4, 0, 3)	11/3
(0, 4, 0)	4	(0, 4, 0, 2)	(0, 4, 0, 4)	15/2
(0, 4, 0)	5	(0, 4, 0, 2)	(0, 4, 0, 5)	2
(0, 4, 1)	0	(0, 4, 1, 2)	(0, 4, 1, 0)	2
(0, 4, 1)	1	(0, 4, 1, 2)	(0, 4, 1, 1)	7
(0, 4, 1)	2	(0, 4, 1, 2)	(0, 4, 1, 2)	0
(0, 4, 1)	3	(0, 4, 1, 2)	(0, 4, 1, 3)	29/6
(0, 4, 1)	4	(0, 4, 1, 2)	(0, 4, 1, 4)	28/3
(0, 4, 1)	5	(0, 4, 1, 2)	(0, 4, 1, 5)	13/3
(0, 4, 2)	0	(0, 4, 2, 3)	(0, 4, 2, 0)	0
(0, 4, 2)	1	(0, 4, 2, 3)	(0, 4, 2, 1)	1/2
(0, 4, 2)	2	(0, 4, 2, 3)	(0, 4, 2, 2)	5/6
(0, 4, 2)	3	(0, 4, 2, 3)	(0, 4, 2, 3)	0
(0, 4, 2)	4	(0, 4, 2, 3)	(0, 4, 2, 4)	22/3
(0, 4, 2)	5	(0, 4, 2, 3)	(0, 4, 2, 5)	5/3
(0, 4, 3)	0	(0, 4, 3, 2)	(0, 4, 3, 0)	11/3
(0, 4, 3)	1	(0, 4, 3, 2)	(0, 4, 3, 1)	16/3
(0, 4, 3)	2	(0, 4, 3, 2)	(0, 4, 3, 2)	0
(0, 4, 3)	3	(0, 4, 3, 2)	(0, 4, 3, 3)	61/6
(0, 4, 3)	4	(0, 4, 3, 2)	(0, 4, 3, 4)	10
(0, 4, 3)	5	(0, 4, 3, 2)	(0, 4, 3, 5)	37/6
(0, 4, 4)	0	(0, 4, 4, 2)	(0, 4, 4, 0)	1/6
(0, 4, 4)	1	(0, 4, 4, 2)	(0, 4, 4, 1)	5/2
(0, 4, 4)	2	(0, 4, 4, 2)	(0, 4, 4, 2)	0
(0, 4, 4)	3	(0, 4, 4, 2)	(0, 4, 4, 3)	8/3
(0, 4, 4)	4	(0, 4, 4, 2)	(0, 4, 4, 4)	37/3
(0, 4, 4)	5	(0, 4, 4, 2)	(0, 4, 4, 5)	31/6
(0, 4, 5)	0	(0, 4, 5, 2)	(0, 4, 5, 0)	1/3
(0, 4, 5)	1	(0, 4, 5, 2)	(0, 4, 5, 1)	19/6
(0, 4, 5)	2	(0, 4, 5, 2)	(0, 4, 5, 2)	0
(0, 4, 5)	3	(0, 4, 5, 2)	(0, 4, 5, 3)	9/2
(0, 4, 5)	4	(0, 4, 5, 2)	(0, 4, 5, 4)	65/6
(0, 4, 5)	5	(0, 4, 5, 2)	(0, 4, 5, 5)	17/2
(0, 5, 0)	0	(0, 5, 0, 2)	(0, 5, 0, 0)	19/3
(0, 5, 0)	1	(0, 5, 0, 2)	(0, 5, 0, 1)	29/12
(0, 5, 0)	2	(0, 5, 0, 2)	(0, 5, 0, 2)	0
(0, 5, 0)	3	(0, 5, 0, 2)	(0, 5, 0, 3)	29/6
(0, 5, 0)	4	(0, 5, 0, 2)	(0, 5, 0, 4)	5
(0, 5, 0)	5	(0, 5, 0, 2)	(0, 5, 0, 5)	31/6
(0, 5, 1)	0	(0, 5, 1, 2)	(0, 5, 1, 0)	29/12
(0, 5, 1)	1	(0, 5, 1, 2)	(0, 5, 1, 1)	29/4
(0, 5, 1)	2	(0, 5, 1, 2)	(0, 5, 1, 2)	0
(0, 5, 1)	3	(0, 5, 1, 2)	(0, 5, 1, 3)	6
(0, 5, 1)	4	(0, 5, 1, 2)	(0, 5, 1, 4)	47/6
(0, 5, 1)	5	(0, 5, 1, 2)	(0, 5, 1, 5)	29/4
(0, 5, 2)	0	(0, 5, 2, 0)	(0, 5, 2, 0)	0
(0, 5, 2)	1	(0, 5, 2, 0)	(0, 5, 2, 1)	0
(0, 5, 2)	2	(0, 5, 2, 0)	(0, 5, 2, 2)	0
(0, 5, 2)	3	(0, 5, 2, 0)	(0, 5, 2, 3)	0
(0, 5, 2)	4	(0, 5, 2, 0)	(0, 5, 2, 4)	14/3
(0, 5, 2)	5	(0, 5, 2, 0)	(0, 5, 2, 5)	25/6
(0, 5, 3)	0	(0, 5, 3, 2)	(0, 5, 3, 0)	29/6
(0, 5, 3)	1	(0, 5, 3, 2)	(0, 5, 3, 1)	6
(0, 5, 3)	2	(0, 5, 3, 2)	(0, 5, 3, 2)	0
(0, 5, 3)	3	(0, 5, 3, 2)	(0, 5, 3, 3)	67/6
(0, 5, 3)	4	(0, 5, 3, 2)	(0, 5, 3, 4)	55/6
(0, 5, 3)	5	(0, 5, 3, 2)	(0, 5, 3, 5)	26/3
(0, 5, 4)	0	(0, 5, 4, 2)	(0, 5, 4, 0)	1/3
(0, 5, 4)	1	(0, 5, 4, 2)	(0, 5, 4, 1)	19/6
(0, 5, 4)	2	(0, 5, 4, 2)	(0, 5, 4, 2)	0
(0, 5, 4)	3	(0, 5, 4, 2)	(0, 5, 4, 3)	9/2
(0, 5, 4)	4	(0, 5, 4, 2)	(0, 5, 4, 4)	65/6
(0, 5, 4)	5	(0, 5, 4, 2)	(0, 5, 4, 5)	17/2
(0, 5, 5)	0	(0, 5, 5, 2)	(0, 5, 5, 0)	1
(0, 5, 5)	1	(0, 5, 5, 2)	(0, 5, 5, 1)	37/12
(0, 5, 5)	2	(0, 5, 5, 2)	(0, 5, 5, 2)	0
(0, 5, 5)	3	(0, 5, 5, 2)	(0, 5, 5, 3)	9/2
(0, 5, 5)	4	(0, 5, 5, 2)	(0, 5, 5, 4)	9
(0, 5, 5)	5	(0, 5, 5, 2)	(0, 5, 5, 5)	21/2
(1, 0, 0)	0	(1, 0, 0, 2)	(1, 0, 0, 0)	43/6
(1, 0, 0)	1	(1, 0, 0, 2)	(1, 0, 0, 1)	6
(1, 0, 0)	2	(1, 0, 0, 2)	(1, 0, 0, 2)	0
(1, 0, 0)	3	(1, 0, 0, 2)	(1, 0, 0, 3)	47/12
(1, 0, 0)	4	(1, 0, 0, 2)	(1, 0, 0, 4)	23/6
(1, 0, 0)	5	(1, 0, 0, 2)	(1, 0, 0, 5)	3/4
(1, 0, 1)	0	(1, 0, 1, 2)	(1, 0, 1, 0)	7/2
(1, 0, 1)	1	(1, 0, 1, 2)	(1, 0, 1, 1)	34/3
(1, 0, 1)	2	(1, 0, 1, 2)	(1, 0, 1, 2)	0
(1, 0, 1)	3	(1, 0, 1, 2)	(1, 0, 1, 3)	61/12
(1, 0, 1)	4	(1, 0, 1, 2)	(1, 0, 1, 4)	19/3
(1, 0, 1)	5	(1, 0, 1, 2)	(1, 0, 1, 5)	37/12
(1, 0, 2)	0	(1, 0, 2, 3)	(1, 0, 2, 0)	5/3
(1, 0, 2)	1	(1, 0, 2, 3)	(1, 0, 2, 1)	25/6
(1, 0, 2)	2	(1, 0, 2, 3)	(1, 0, 2, 2)	0
(1, 0, 2)	3	(1, 0, 2, 3)	(1, 0, 2, 3)	0
(1, 0, 2)	4	(1, 0, 2, 3)	(1, 0, 2, 4)	7/2
(1, 0, 2)	5	(1, 0, 2, 3)	(1, 0, 2, 5)	0
(1, 0, 3)	0	(1, 0, 3, 2)	(1, 0, 3, 0)	67/12
(1, 0, 3)	1	(1, 0, 3, 2)	(1, 0, 3, 1)	37/4
(1, 0, 3)	2	(1, 0, 3, 2)	(1, 0, 3, 2)	0
(1, 0, 3)	3	(1, 0, 3, 2)	(1, 0, 3, 3)	47/4
(1, 0, 3)	4	(1, 0, 3, 2)	(1, 0, 3, 4)	25/3
(1, 0, 3)	5	(1, 0, 3, 2)	(1, 0, 3, 5)	6
(1, 0, 4)	0	(1, 0, 4, 2)	(1, 0, 4, 0)	2
(1, 0, 4)	1	(1, 0, 4, 2)	(1, 0, 4, 1)	7
(1, 0, 4)	2	(1, 0, 4, 2)	(1, 0, 4, 2)	0
(1, 0, 4)	3	(1, 0, 4, 2)	(1, 0, 4, 3)	29/6
(1, 0, 4)	4	(1, 0, 4, 2)	(1, 0, 4, 4)	28/3
(1, 0, 4)	5	(1, 0, 4, 2)	(1, 0, 4, 5)	13/3
(1, 0, 5)	0	(1, 0, 5, 2)	(1, 0, 5, 0)	29/12
(1, 0, 5)	1	(1, 0, 5, 2)	(1, 0, 5, 1)	29/4
(1, 0, 5)	2	(1, 0, 5, 2)	(1, 0, 5, 2)	0
(1, 0, 5)	3	(1, 0, 5, 2)	(1, 0, 5, 3)	6
(1, 0, 5)	4	(1, 0, 5, 2)	(1, 0, 5, 4)	47/6
(1, 0, 5)	5	(1, 0, 5, 2)	(1, 0, 5, 5)	29/4
(1, 1, 0)	0	(1, 1, 0, 2)	(1, 1, 0, 0)	7/2
(1, 1, 0)	1	(1, 1, 0, 2)	(1, 1, 0, 1)	34/3
(1, 1, 0)	2	(1, 1, 0, 2)	(1, 1, 0, 2)	0
(1, 1, 0)	3	(1, 1, 0, 2)	(1, 1, 0, 3)	61/12
(1, 1, 0)	4	(1, 1, 0, 2)	(1, 1, 0, 4)	19/3
(1, 1, 0)	5	(1, 1, 0, 2)	(1, 1, 0, 5)	37/12
(1, 1, 1)	0	(1, 1, 1, 2)	(1, 1, 1, 0)	5/4
(1, 1, 1)	1	(1, 1, 1, 2)	(1, 1, 1, 1)	53/2
(1, 1, 1)	2	(1, 1, 1, 2)	(1, 1, 1, 2)	0
(1, 1, 1)	3	(1, 1, 1, 2)	(1, 1, 1, 3)	14
(1, 1, 1)	4	(1, 1, 1, 2)	(1, 1, 1, 4)	57/4
(1, 1, 1)	5	(1, 1, 1, 2)	(1, 1, 1, 5)	21/2
(1, 1, 2)	0	(1, 1, 2, 0)	(1, 1, 2, 0)	0
(1, 1, 2)	1	(1, 1, 2, 0)	(1, 1, 2, 1)	121/12
(1, 1, 2)	2	(1, 1, 2, 0)	(1, 1, 2, 2)	7/12
(1, 1, 2)	3	(1, 1, 2, 0)	(1, 1, 2, 3)	3
(1, 1, 2)	4	(1, 1, 2, 0)	(1, 1, 2, 4)	27/4
(1, 1, 2)	5	(1, 1, 2, 0)	(1, 1, 2, 5)	8/3
(1, 1, 3)	0	(1, 1, 3, 2)	(1, 1, 3, 0)	25/12
(1, 1, 3)	1	(1, 1, 3, 2)	(1, 1, 3, 1)	253/12
(1, 1, 3)	2	(1, 1, 3, 2)	(1, 1, 3, 2)	0
(1, 1, 3)	3	(1, 1, 3, 2)	(1, 1, 3, 3)	233/12
(1, 1, 3)	4	(1, 1, 3, 2)	(1, 1, 3, 4)	65/4
(1, 1, 3)	5	(1, 1, 3, 2)	(1, 1, 3, 5)	40/3
(1, 1, 4)	0	(1, 1, 4, 0)	(1, 1, 4, 0)	0
(1, 1, 4)	1	(1, 1, 4, 0)	(1, 1, 4, 1)	18
(1, 1, 4)	2	(1, 1, 4, 0)	(1, 1, 4, 2)	5/12
(1, 1, 4)	3	(1, 1, 4, 0)	(1, 1, 4, 3)	155/12
(1, 1, 4)	4	(1, 1, 4, 0)	(1, 1, 4, 4)	35/2
(1, 1, 4)	5	(1, 1, 4, 0)	(1, 1, 4, 5)	73/6
(1, 1, 5)	0	(1, 1, 5, 2)	(1, 1, 5, 0)	5/12
(1, 1, 5)	1	(1, 1, 5, 2)	(1, 1, 5, 1)	215/12
(1, 1, 5)	2	(1, 1, 5, 2)	(1, 1, 5, 2)	0
(1, 1, 5)	3	(1, 1, 5, 2)	(1, 1, 5, 3)	41/3
(1, 1, 5)	4	(1, 1, 5, 2)	(1, 1, 5, 4)	95/6
(1, 1, 5)	5	(1, 1, 5, 2)	(1, 1, 5, 5)	179/12
(1, 2, 0)	0	(1, 2, 0, 3)	(1, 2, 0, 0)	5/3
(1, 2, 0)	1	(1, 2, 0, 3)	(1, 2, 0, 1)	25/6
(1, 2, 0)	2	(1, 2, 0, 3)	(1, 2, 0, 2)	0
(1, 2, 0)	3	(1, 2, 0, 3)	(1, 2, 0, 3)	0
(1, 2, 0)	4	(1, 2, 0, 3)	(1, 2, 0, 4)	7/2
(1, 2, 0)	5	(1, 2, 0, 3)	(1, 2, 0, 5)	0
(1, 2, 1)	0	(1, 2, 1, 0)	(1, 2, 1, 0)	0
(1, 2, 1)	1	(1, 2, 1, 0)	(1, 2, 1, 1)	121/12
(1, 2, 1)	2	(1, 2, 1, 0)	(1, 2, 1, 2)	7/12
(1, 2, 1)	3	(1, 2, 1, 0)	(1, 2, 1, 3)	3
(1, 2, 1)	4	(1, 2, 1, 0)	(1, 2, 1, 4)	27/4
(1, 2, 1)	5	(1, 2, 1, 0)	(1, 2, 1, 5)	8/3
(1, 2, 2)	0	(1, 2, 2, 0)	(1, 2, 2, 0)	0
(1, 2, 2)	1	(1, 2, 2, 0)	(1, 2, 2, 1)	19/4
(1, 2, 2)	2	(1, 2, 2, 0)	(1, 2, 2, 2)	41/12
(1, 2, 2)	3	(1, 2, 2, 0)	(1, 2, 2, 3)	1/6
(1, 2, 2)	4	(1, 2, 2, 0)	(1, 2, 2, 4)	27/4
(1, 2, 2)	5	(1, 2, 2, 0)	(1, 2, 2, 5)	2
(1, 2, 3)	0	(1, 2, 3, 0)	(1, 2, 3, 0)	0
(1, 2, 3)	1	(1, 2, 3, 0)	(1, 2, 3, 1)	43/6
(1, 2, 3)	2	(1, 2, 3, 0)	(1, 2, 3, 2)	1/6
(1, 2, 3)	3	(1, 2, 3, 0)	(1, 2, 3, 3)	8
(1, 2, 3)	4	(1, 2, 3, 0)	(1, 2, 3, 4)	25/3
(1, 2, 3)	5	(1, 2, 3, 0)	(1, 2, 3, 5)	14/3
(1, 2, 4)	0	(1, 2, 4, 0)	(1, 2, 4, 0)	0
(1, 2, 4)	1	(1, 2, 4, 0)	(1, 2, 4, 1)	89/12
(1, 2, 4)	2	(1, 2, 4, 0)	(1, 2, 4, 2)	13/4
(1, 2, 4)	3	(1, 2, 4, 0)	(1, 2, 4, 3)	29/6
(1, 2, 4)	4	(1, 2, 4, 0)	(1, 2, 4, 4)	49/4
(1, 2, 4)	5	(1, 2, 4, 0)	(1, 2, 4, 5)	37/6
(1, 2, 5)	0	(1, 2, 5, 0)	(1, 2, 5, 0)	0
(1, 2, 5)	1	(1, 2, 5, 0)	(1, 2, 5, 1)	41/6
(1, 2, 5)	2	(1, 2, 5, 0)	(1, 2, 5, 2)	2
(1, 2, 5)	3	(1, 2, 5, 0)	(1, 2, 5, 3)	14/3
(1, 2, 5)	4	(1, 2, 5, 0)	(1, 2, 5, 4)	29/3
(1, 2, 5)	5	(1, 2, 5, 0)	(1, 2, 5, 5)	17/2
(1, 3, 0)	0	(1, 3, 0, 2)	(1, 3, 0, 0)	67/12
(1, 3, 0)	1	(1, 3, 0, 2)	(1, 3, 0, 1)	37/4
(1, 3, 0)	2	(1, 3, 0, 2)	(1, 3, 0, 2)	0
(1, 3, 0)	3	(1, 3, 0, 2)	(1, 3, 0, 3)	47/4
(1, 3, 0)	4	(1, 3, 0, 2)	(1, 3, 0, 4)	25/3
(1, 3, 0)	5	(1, 3, 0, 2)	(1, 3, 0, 5)	6
(1, 3, 1)	0	(1, 3, 1, 2)	(1, 3, 1, 0)	25/12
(1, 3, 1)	1	(1, 3, 1, 2)	(1, 3, 1, 1)	253/12
(1, 3, 1)	2	(1, 3, 1, 2)	(1, 3, 1, 2)	0
(1, 3, 1)	3	(1, 3, 1, 2)	(1, 3, 1, 3)	233/12
(1, 3, 1)	4	(1, 3, 1, 2)	(1, 3, 1, 4)	65/4
(1, 3, 1)	5	(1, 3, 1, 2)	(1, 3, 1, 5)	40/3
(1, 3, 2)	0	(1, 3, 2, 0)	(1, 3, 2, 0)	0
(1, 3, 2)	1	(1, 3, 2, 0)	(1, 3, 2, 1)	43/6
(1, 3, 2)	2	(1, 3, 2, 0)	(1, 3, 2, 2)	1/6
(1, 3, 2)	3	(1, 3, 2, 0)	(1, 3, 2, 3)	8
(1, 3, 2)	4	(1, 3, 2, 0)	(1, 3, 2, 4)	25/3
(1, 3, 2)	5	(1, 3, 2, 0)	(1, 3, 2, 5)	14/3
(1, 3, 3)	0	(1, 3, 3, 2)	(1, 3, 3, 0)	15/4
(1, 3, 3)	1	(1, 3, 3, 2)	(1, 3, 3, 1)	223/12
(1, 3, 3)	2	(1, 3, 3, 2)	(1, 3, 3, 2)	0
(1, 3, 3)	3	(1, 3, 3, 2)	(1, 3, 3, 3)	283/12
(1, 3, 3)	4	(1, 3, 3, 2)	(1, 3, 3, 4)	203/12
(1, 3, 3)	5	(1, 3, 3, 2)	(1, 3, 3, 5)	14
(1, 3, 4)	0	(1, 3, 4, 0)	(1, 3, 4, 0)	0
(1, 3, 4)	1	(1, 3, 4, 0)	(1, 3, 4, 1)	181/12
(1, 3, 4)	2	(1, 3, 4, 0)	(1, 3, 4, 2)	0
(1, 3, 4)	3	(1, 3, 4, 0)	(1, 3, 4, 3)	199/12
(1, 3, 4)	4	(1, 3, 4, 0)	(1, 3, 4, 4)	71/4
(1, 3, 4)	5	(1, 3, 4, 0)	(1, 3, 4, 5)	27/2
(1, 3, 5)	0	(1, 3, 5, 2)	(1, 3, 5, 0)	4/3
(1, 3, 5)	1	(1, 3, 5, 2)	(1, 3, 5, 1)	95/6
(1, 3, 5)	2	(1, 3, 5, 2)	(1, 3, 5, 2)	0
(1, 3, 5)	3	(1, 3, 5, 2)	(1, 3, 5, 3)	52/3
(1, 3, 5)	4	(1, 3, 5, 2)	(1, 3, 5, 4)	103/6
(1, 3, 5)	5	(1, 3, 5, 2)	(1, 3, 5, 5)	16
(1, 4, 0)	0	(1, 4, 0, 2)	(1, 4, 0, 0)	2
(1, 4, 0)	1	(1, 4, 0, 2)	(1, 4, 0, 1)	7
(1, 4, 0)	2	(1, 4, 0, 2)	(1, 4, 0, 2)	0
(1, 4, 0)	3	(1, 4, 0, 2)	(1, 4, 0, 3)	29/6
(1, 4, 0)	4	(1, 4, 0, 2)	(1, 4, 0, 4)	28/3
(1, 4, 0)	5	(1, 4, 0, 2)	(1, 4, 0, 5)	13/3
(1, 4, 1)	0	(1, 4, 1, 0)	(1, 4, 1, 0)	0
(1, 4, 1)	1	(1, 4, 1, 0)	(1, 4, 1, 1)	18
(1, 4, 1)	2	(1, 4, 1, 0)	(1, 4, 1, 2)	5/12
(1, 4, 1)	3	(1, 4, 1, 0)	(1, 4, 1, 3)	155/12
(1, 4, 1)	4	(1, 4, 1, 0)	(1, 4, 1, 4)	35/2
(1, 4, 1)	5	(1, 4, 1, 0)	(1, 4, 1, 5)	73/6
(1, 4, 2)	0	(1, 4, 2, 0)	(1, 4, 2, 0)	0
(1, 4, 2)	1	(1, 4, 2, 0)	(1, 4, 2, 1)	89/12
(1, 4, 2)	2	(1, 4, 2, 0)	(1, 4, 2, 2)	13/4
(1, 4, 2)	3	(1, 4, 2, 0)	(1, 4, 2, 3)	29/6
(1, 4, 2)	4	(1, 4, 2, 0)	(1, 4, 2, 4)	49/4
(1, 4, 2)	5	(1, 4, 2, 0)	(1, 4, 2, 5)	37/6
(1, 4, 3)	0	(1, 4, 3, 0)	(1, 4, 3, 0)	0
(1, 4, 3)	1	(1, 4, 3, 0)	(1, 4, 3, 1)	181/12
(1, 4, 3)	2	(1, 4, 3, 0)	(1, 4, 3, 2)	0
(1, 4, 3)	3	(1, 4, 3, 0)	(1, 4, 3, 3)	199/12
(1, 4, 3)	4	(1, 4, 3, 0)	(1, 4, 3, 4)	71/4
(1, 4, 3)	5	(1, 4, 3, 0)	(1, 4, 3, 5)	27/2
(1, 4, 4)	0	(1, 4, 4, 0)	(1, 4, 4, 0)	0
(1, 4, 4)	1	(1, 4, 4, 0)	(1, 4, 4, 1)	91/6
(1, 4, 4)	2	(1, 4, 4, 0)	(1, 4, 4, 2)	35/12
(1, 4, 4)	3	(1, 4, 4, 0)	(1, 4, 4, 3)	53/4
(1, 4, 4)	4	(1, 4, 4, 0)	(1, 4, 4, 4)	67/3
(1, 4, 4)	5	(1, 4, 4, 0)	(1, 4, 4, 5)	31/2
(1, 4, 5)	0	(1, 4, 5, 0)	(1, 4, 5, 0)	0
(1, 4, 5)	1	(1, 4, 5, 0)	(1, 4, 5, 1)	89/6
(1, 4, 5)	2	(1, 4, 5, 0)	(1, 4, 5, 2)	11/6
(1, 4, 5)	3	(1, 4, 5, 0)	(1, 4, 5, 3)	14
(1, 4, 5)	4	(1, 4, 5, 0)	(1, 4, 5, 4)	41/2
(1, 4, 5)	5	(1, 4, 5, 0)	(1, 4, 5, 5)	18
(1, 5, 0)	0	(1, 5, 0, 2)	(1, 5, 0, 0)	29/12
(1, 5, 0)	1	(1, 5, 0, 2)	(1, 5, 0, 1)	29/4
(1, 5, 0)	2	(1, 5, 0, 2)	(1, 5, 0, 2)	0
(1, 5, 0)	3	(1, 5, 0, 2)	(1, 5, 0, 3)	6
(1, 5, 0)	4	(1, 5, 0, 2)	(1, 5, 0, 4)	47/6
(1, 5, 0)	5	(1, 5, 0, 2)	(1, 5, 0, 5)	29/4
(1, 5, 1)	0	(1, 5, 1, 2)	(1, 5, 1, 0)	5/12
(1, 5, 1)	1	(1, 5, 1, 2)	(1, 5, 1, 1)	215/12
(1, 5, 1)	2	(1, 5, 1, 2)	(1, 5, 1, 2)	0
(1, 5, 1)	3	(1, 5, 1, 2)	(1, 5, 1, 3)	41/3
(1, 5, 1)	4	(1, 5, 1, 2)	(1, 5, 1, 4)	95/6
(1, 5, 1)	5	(1, 5, 1, 2)	(1, 5, 1, 5)	179/12
(1, 5, 2)	0	(1, 5, 2, 0)	(1, 5, 2, 0)	0
(1, 5, 2)	1	(1, 5, 2, 0)	(1, 5, 2, 1)	41/6
(1, 5, 2)	2	(1, 5, 2, 0)	(1, 5, 2, 2)	2
(1, 5, 2)	3	(1, 5, 2, 0)	(1, 5, 2, 3)	14/3
(1, 5, 2)	4	(1, 5, 2, 0)	(1, 5, 2, 4)	29/3
(1, 5, 2)	5	(1, 5, 2, 0)	(1, 5, 2, 5)	17/2
(1, 5, 3)	0	(1, 5, 3, 2)	(1, 5, 3, 0)	4/3
(1, 5, 3)	1	(1, 5, 3, 2)	(1, 5, 3, 1)	95/6
(1, 5, 3)	2	(1, 5, 3, 2)	(1, 5, 3, 2)	0
(1, 5, 3)	3	(1, 5, 3, 2)	(1, 5, 3, 3)	52/3
(1, 5, 3)	4	(1, 5, 3, 2)	(1, 5, 3, 4)	103/6
(1, 5, 3)	5	(1, 5, 3, 2)	(1, 5, 3, 5)	16
(1, 5, 4)	0	(1, 5, 4, 0)	(1, 5, 4, 0)	0
(1, 5, 4)	1	(1, 5, 4, 0)	(1, 5, 4, 1)	89/6
(1, 5, 4)	2	(1, 5, 4, 0)	(1, 5, 4, 2)	11/6
(1, 5, 4)	3	(1, 5, 4, 0)	(1, 5, 4, 3)	14
(1, 5, 4)	4	(1, 5, 4, 0)	(1, 5, 4, 4)	41/2
(1, 5, 4)	5	(1, 5, 4, 0)	(1, 5, 4, 5)	18
(1, 5, 5)	0	(1, 5, 5, 0)	(1, 5, 5, 0)	0
(1, 5, 5)	1	(1, 5, 5, 0)	(1, 5, 5, 1)	29/2
(1, 5, 5)	2	(1, 5, 5, 0)	(1, 5, 5, 2)	5/4
(1, 5, 5)	3	(1, 5, 5, 0)	(1, 5, 5, 3)	161/12
(1, 5, 5)	4	(1, 5, 5, 0)	(1, 5, 5, 4)	223/12
(1, 5, 5)	5	(1, 5, 5, 0)	(1, 5, 5, 5)	115/6
(2, 0, 0)	0	(2, 0, 0, 5)	(2, 0, 0, 0)	19/3
(2, 0, 0)	1	(2, 0, 0, 5)	(2, 0, 0, 1)	5/3
(2, 0, 0)	2	(2, 0, 0, 5)	(2, 0, 0, 2)	1
(2, 0, 0)	3	(2, 0, 0, 5)	(2, 0, 0, 3)	5/6
(2, 0, 0)	4	(2, 0, 0, 5)	(2, 0, 0, 4)	3
(2, 0, 0)	5	(2, 0, 0, 5)	(2, 0, 0, 5)	0
(2, 0, 1)	0	(2, 0, 1, 3)	(2, 0, 1, 0)	5/3
(2, 0, 1)	1	(2, 0, 1, 3)	(2, 0, 1, 1)	25/6
(2, 0, 1)	2	(2, 0, 1, 3)	(2, 0, 1, 2)	0
(2, 0, 1)	3	(2, 0, 1, 3)	(2, 0, 1, 3)	0
(2, 0, 1)	4	(2, 0, 1, 3)	(2, 0, 1, 4)	7/2
(2, 0, 1)	5	(2, 0, 1, 3)	(2, 0, 1, 5)	0
(2, 0, 2)	0	(2, 0, 2, 3)	(2, 0, 2, 0)	7/2
(2, 0, 2)	1	(2, 0, 2, 3)	(2, 0, 2, 1)	5/2
(2, 0, 2)	2	(2, 0, 2, 3)	(2, 0, 2, 2)	14/3
(2, 0, 2)	3	(2, 0, 2, 3)	(2, 0, 2, 3)	0
(2, 0, 2)	4	(2, 0, 2, 3)	(2, 0, 2, 4)	19/3
(2, 0, 2)	5	(2, 0, 2, 3)	(2, 0, 2, 5)	5/2
(2, 0, 3)	0	(2, 0, 3, 2)	(2, 0, 3, 0)	10/3
(2, 0, 3)	1	(2, 0, 3, 2)	(2, 0, 3, 1)	5/2
(2, 0, 3)	2	(2, 0, 3, 2)	(2, 0, 3, 2)	0
(2, 0, 3)	3	(2, 0, 3, 2)	(2, 0, 3, 3)	20/3
(2, 0, 3)	4	(2, 0, 3, 2)	(2, 0, 3, 4)	11/2
(2, 0, 3)	5	(2, 0, 3, 2)	(2, 0, 3, 5)	5/2
(2, 0, 4)	0	(2, 0, 4, 3)	(2, 0, 4, 0)	0
(2, 0, 4)	1	(2, 0, 4, 3)	(2, 0, 4, 1)	1/2
(2, 0, 4)	2	(2, 0, 4, 3)	(2, 0, 4, 2)	5/6
(2, 0, 4)	3	(2, 0, 4, 3)	(2, 0, 4, 3)	0
(2, 0, 4)	4	(2, 0, 4, 3)	(2, 0, 4, 4)	22/3
(2, 0, 4)	5	(2, 0, 4, 3)	(2, 0, 4, 5)	5/3
(2, 0, 5)	0	(2, 0, 5, 0)	(2, 0, 5, 0)	0
(2, 0, 5)	1	(2, 0, 5, 0)	(2, 0, 5, 1)	0
(2, 0, 5)	2	(2, 0, 5, 0)	(2, 0, 5, 2)	0
(2, 0, 5)	3	(2, 0, 5, 0)	(2, 0, 5, 3)	0
(2, 0, 5)	4	(2, 0, 5, 0)	(2, 0, 5, 4)	14/3
(2, 0, 5)	5	(2, 0, 5, 0)	(2, 0, 5, 5)	25/6
(2, 1, 0)	0	(2, 1, 0, 3)	(2, 1, 0, 0)	5/3
(2, 1, 0)	1	(2, 1, 0, 3)	(2, 1, 0, 1)	25/6
(2, 1, 0)	2	(2, 1, 0, 3)	(2, 1, 0, 2)	0
(2, 1, 0)	3	(2, 1, 0, 3)	(2, 1, 0, 3)	0
(2, 1, 0)	4	(2, 1, 0, 3)	(2, 1, 0, 4)	7/2
(2, 1, 0)	5	(2, 1, 0, 3)	(2, 1, 0, 5)	0
(2, 1, 1)	0	(2, 1, 1, 0)	(2, 1, 1, 0)	0
(2, 1, 1)	1	(2, 1, 1, 0)	(2, 1, 1, 1)	121/12
(2, 1, 1)	2	(2, 1, 1, 0)	(2, 1, 1, 2)	7/12
(2, 1, 1)	3	(2, 1, 1, 0)	(2, 1, 1, 3)	3
(2, 1, 1)	4	(2, 1, 1, 0)	(2, 1, 1, 4)	27/4
(2, 1, 1)	5	(2, 1, 1, 0)	(2, 1, 1, 5)	8/3
(2, 1, 2)	0	(2, 1, 2, 0)	(2, 1, 2, 0)	0
(2, 1, 2)	1	(2, 1, 2, 0)	(2, 1, 2, 1)	19/4
(2, 1, 2)	2	(2, 1, 2, 0)	(2, 1, 2, 2)	41/12
(2, 1, 2)	3	(2, 1, 2, 0)	(2, 1, 2, 3)	1/6
(2, 1, 2)	4	(2, 1, 2, 0)	(2, 1, 2, 4)	27/4
(2, 1, 2)	5	(2, 1, 2, 0)	(2, 1, 2, 5)	2
(2, 1, 3)	0	(2, 1, 3, 0)	(2, 1, 3, 0)	0
(2, 1, 3)	1	(2, 1, 3, 0)	(2, 1, 3, 1)	43/6
(2, 1, 3)	2	(2, 1, 3, 0)	(2, 1, 3, 2)	1/6
(2, 1, 3)	3	(2, 1, 3, 0)	(2, 1, 3, 3)	8
(2, 1, 3)	4	(2, 1, 3, 0)	(2, 1, 3, 4)	25/3
(2, 1, 3)	5	(2, 1, 3, 0)	(2, 1, 3, 5)	14/3
(2, 1, 4)	0	(2, 1, 4, 0)	(2, 1, 4, 0)	0
(2, 1, 4)	1	(2, 1, 4, 0)	(2, 1, 4, 1)	89/12
(2, 1, 4)	2	(2, 1, 4, 0)	(2, 1, 4, 2)	13/4
(2, 1, 4)	3	(2, 1, 4, 0)	(2, 1, 4, 3)	29/6
(2, 1, 4)	4	(2, 1, 4, 0)	(2, 1, 4, 4)	49/4
(2, 1, 4)	5	(2, 1, 4, 0)	(2, 1, 4, 5)	37/6
(2, 1, 5)	0	(2, 1, 5, 0)	(2, 1, 5, 0)	0
(2, 1, 5)	1	(2, 1, 5, 0)	(2, 1, 5, 1)	41/6
(2, 1, 5)	2	(2, 1, 5, 0)	(2, 1, 5, 2)	2
(2, 1, 5)	3	(2, 1, 5, 0)	(2, 1, 5, 3)	14/3
(2, 1, 5)	4	(2, 1, 5, 0)	(2, 1, 5, 4)	29/3
(2, 1, 5)	5	(2, 1, 5, 0)	(2, 1, 5, 5)	17/2
(2, 2, 0)	0	(2, 2, 0, 3)	(2, 2, 0, 0)	7/2
(2, 2, 0)	1	(2, 2, 0, 3)	(2, 2, 0, 1)	5/2
(2, 2, 0)	2	(2, 2, 0, 3)	(2, 2, 0, 2)	14/3
(2, 2, 0)	3	(2, 2, 0, 3)	(2, 2, 0, 3)	0
(2, 2, 0)	4	(2, 2, 0, 3)	(2, 2, 0, 4)	19/3
(2, 2, 0)	5	(2, 2, 0, 3)	(2, 2, 0, 5)	5/2
(2, 2, 1)	0	(2, 2, 1, 0)	(2, 2, 1, 0)	0
(2, 2, 1)	1	(2, 2, 1, 0)	(2, 2, 1, 1)	19/4
(2, 2, 1)	2	(2, 2, 1, 0)	(2, 2, 1, 2)	41/12
(2, 2, 1)	3	(2, 2, 1, 0)	(2, 2, 1, 3)	1/6
(2, 2, 1)	4	(2, 2, 1, 0)	(2, 2, 1, 4)	27/4
(2, 2, 1)	5	(2, 2, 1, 0)	(2, 2, 1, 5)	2
(2, 2, 2)	0	(2, 2, 2, 0)	(2, 2, 2, 0)	0
(2, 2, 2)	1	(2, 2, 2, 0)	(2, 2, 2, 1)	5/4
(2, 2, 2)	2	(2, 2, 2, 0)	(2, 2, 2, 2)	23/2
(2, 2, 2)	3	(2, 2, 2, 0)	(2, 2, 2, 3)	0
(2, 2, 2)	4	(2, 2, 2, 0)	(2, 2, 2, 4)	13
(2, 2, 2)	5	(2, 2, 2, 0)	(2, 2, 2, 5)	25/4
(2, 2, 3)	0	(2, 2, 3, 0)	(2, 2, 3, 0)	0
(2, 2, 3)	1	(2, 2, 3, 0)	(2, 2, 3, 1)	8/3
(2, 2, 3)	2	(2, 2, 3, 0)	(2, 2, 3, 2)	14/3
(2, 2, 3)	3	(2, 2, 3, 0)	(2, 2, 3, 3)	41/6
(2, 2, 3)	4	(2, 2, 3, 0)	(2, 2, 3, 4)	10
(2, 2, 3)	5	(2, 2, 3, 0)	(2, 2, 3, 5)	4
(2, 2, 4)	0	(2, 2, 4, 0)	(2, 2, 4, 0)	0
(2, 2, 4)	1	(2, 2, 4, 0)	(2, 2, 4, 1)	35/12
(2, 2, 4)	2	(2, 2, 4, 0)	(2, 2, 4, 2)	34/3
(2, 2, 4)	3	(2, 2, 4, 0)	(2, 2, 4, 3)	11/3
(2, 2, 4)	4	(2, 2, 4, 0)	(2, 2, 4, 4)	35/2
(2, 2, 4)	5	(2, 2, 4, 0)	(2, 2, 4, 5)	109/12
(2, 2, 5)	0	(2, 2, 5, 0)	(2, 2, 5, 0)	0
(2, 2, 5)	1	(2, 2, 5, 0)	(2, 2, 5, 1)	2
(2, 2, 5)	2	(2, 2, 5, 0)	(2, 2, 5, 2)	101/12
(2, 2, 5)	3	(2, 2, 5, 0)	(2, 2, 5, 3)	3/2
(2, 2, 5)	4	(2, 2, 5, 0)	(2, 2, 5, 4)	155/12
(2, 2, 5)	5	(2, 2, 5, 0)	(2, 2, 5, 5)	137/12
(2, 3, 0)	0	(2, 3, 0, 2)	(2, 3, 0, 0)	10/3
(2, 3, 0)	1	(2, 3, 0, 2)	(2, 3, 0, 1)	5/2
(2, 3, 0)	2	(2, 3, 0, 2)	(2, 3, 0, 2)	0
(2, 3, 0)	3	(2, 3, 0, 2)	(2, 3, 0, 3)	20/3
(2, 3, 0)	4	(2, 3, 0, 2)	(2, 3, 0, 4)	11/2
(2, 3, 0)	5	(2, 3, 0, 2)	(2, 3, 0, 5)	5/2
(2, 3, 1)	0	(2, 3, 1, 0)	(2, 3, 1, 0)	0
(2, 3, 1)	1	(2, 3, 1, 0)	(2, 3, 1, 1)	43/6
(2, 3, 1)	2	(2, 3, 1, 0)	(2, 3, 1, 2)	1/6
(2, 3, 1)	3	(2, 3, 1, 0)	(2, 3, 1, 3)	8
(2, 3, 1)	4	(2, 3, 1, 0)	(2, 3, 1, 4)	25/3
(2, 3, 1)	5	(2, 3, 1, 0)	(2, 3, 1, 5)	14/3
(2, 3, 2)	0	(2, 3, 2, 0)	(2, 3, 2, 0)	0
(2, 3, 2)	1	(2, 3, 2, 0)	(2, 3, 2, 1)	8/3
(2, 3, 2)	2	(2, 3, 2, 0)	(2, 3, 2, 2)	14/3
(2, 3, 2)	3	(2, 3, 2, 0)	(2, 3, 2, 3)	41/6
(2, 3, 2)	4	(2, 3, 2, 0)	(2, 3, 2, 4)	10
(2, 3, 2)	5	(2, 3, 2, 0)	(2, 3, 2, 5)	4
(2, 3, 3)	0	(2, 3, 3, 0)	(2, 3, 3, 0)	0
(2, 3, 3)	1	(2, 3, 3, 0)	(2, 3, 3, 1)	23/6
(2, 3, 3)	2	(2, 3, 3, 0)	(2, 3, 3, 2)	1/6
(2, 3, 3)	3	(2, 3, 3, 0)	(2, 3, 3, 3)	73/6
(2, 3, 3)	4	(2, 3, 3, 0)	(2, 3, 3, 4)	9
(2, 3, 3)	5	(2, 3, 3, 0)	(2, 3, 3, 5)	11/3
(2, 3, 4)	0	(2, 3, 4, 0)	(2, 3, 4, 0)	0
(2, 3, 4)	1	(2, 3, 4, 0)	(2, 3, 4, 1)	16/3
(2, 3, 4)	2	(2, 3, 4, 0)	(2, 3, 4, 2)	9/2
(2, 3, 4)	3	(2, 3, 4, 0)	(2, 3, 4, 3)	61/6
(2, 3, 4)	4	(2, 3, 4, 0)	(2, 3, 4, 4)	85/6
(2, 3, 4)	5	(2, 3, 4, 0)	(2, 3, 4, 5)	15/2
(2, 3, 5)	0	(2, 3, 5, 0)	(2, 3, 5, 0)	0
(2, 3, 5)	1	(2, 3, 5, 0)	(2, 3, 5, 1)	14/3
(2, 3, 5)	2	(2, 3, 5, 0)	(2, 3, 5, 2)	3/2
(2, 3, 5)	3	(2, 3, 5, 0)	(2, 3, 5, 3)	47/6
(2, 3, 5)	4	(2, 3, 5, 0)	(2, 3, 5, 4)	21/2
(2, 3, 5)	5	(2, 3, 5, 0)	(2, 3, 5, 5)	26/3
(2, 4, 0)	0	(2, 4, 0, 3)	(2, 4, 0, 0)	0
(2, 4, 0)	1	(2, 4, 0, 3)	(2, 4, 0, 1)	1/2
(2, 4, 0)	2	(2, 4, 0, 3)	(2, 4, 0, 2)	5/6
(2, 4, 0)	3	(2, 4, 0, 3)	(2, 4, 0, 3)	0
(2, 4, 0)	4	(2, 4, 0, 3)	(2, 4, 0, 4)	22/3
(2, 4, 0)	5	(2, 4, 0, 3)	(2, 4, 0, 5)	5/3
(2, 4, 1)	0	(2, 4, 1, 0)	(2, 4, 1, 0)	0
(2, 4, 1)	1	(2, 4, 1, 0)	(2, 4, 1, 1)	89/12
(2, 4, 1)	2	(2, 4, 1, 0)	(2, 4, 1, 2)	13/4
(2, 4, 1)	3	(2, 4, 1, 0)	(2, 4, 1, 3)	29/6
(2, 4, 1)	4	(2, 4, 1, 0)	(2, 4, 1, 4)	49/4
(2, 4, 1)	5	(2, 4, 1, 0)	(2, 4, 1, 5)	37/6
(2, 4, 2)	0	(2, 4, 2, 0)	(2, 4, 2, 0)	0
(2, 4, 2)	1	(2, 4, 2, 0)	(2, 4, 2, 1)	35/12
(2, 4, 2)	2	(2, 4, 2, 0)	(2, 4, 2, 2)	34/3
(2, 4, 2)	3	(2, 4, 2, 0)	(2, 4, 2, 3)	11/3
(2, 4, 2)	4	(2, 4, 2, 0)	(2, 4, 2, 4)	35/2
(2, 4, 2)	5	(2, 4, 2, 0)	(2, 4, 2, 5)	109/12
(2, 4, 3)	0	(2, 4, 3, 0)	(2, 4, 3, 0)	0
(2, 4, 3)	1	(2, 4, 3, 0)	(2, 4, 3, 1)	16/3
(2, 4, 3)	2	(2, 4, 3, 0)	(2, 4, 3, 2)	9/2
(2, 4, 3)	3	(2, 4, 3, 0)	(2, 4, 3, 3)	61/6
(2, 4, 3)	4	(2, 4, 3, 0)	(2, 4, 3, 4)	85/6
(2, 4, 3)	5	(2, 4, 3, 0)	(2, 4, 3, 5)	15/2
(2, 4, 4)	0	(2, 4, 4, 0)	(2, 4, 4, 0)	0
(2, 4, 4)	1	(2, 4, 4, 0)	(2, 4, 4, 1)	65/12
(2, 4, 4)	2	(2, 4, 4, 0)	(2, 4, 4, 2)	11
(2, 4, 4)	3	(2, 4, 4, 0)	(2, 4, 4, 3)	41/6
(2, 4, 4)	4	(2, 4, 4, 0)	(2, 4, 4, 4)	67/3
(2, 4, 4)	5	(2, 4, 4, 0)	(2, 4, 4, 5)	157/12
(2, 4, 5)	0	(2, 4, 5, 0)	(2, 4, 5, 0)	0
(2, 4, 5)	1	(2, 4, 5, 0)	(2, 4, 5, 1)	5
(2, 4, 5)	2	(2, 4, 5, 0)	(2, 4, 5, 2)	33/4
(2, 4, 5)	3	(2, 4, 5, 0)	(2, 4, 5, 3)	35/6
(2, 4, 5)	4	(2, 4, 5, 0)	(2, 4, 5, 4)	75/4
(2, 4, 5)	5	(2, 4, 5, 0)	(2, 4, 5, 5)	187/12
(2, 5, 0)	0	(2, 5, 0, 0)	(2, 5, 0, 0)	0
(2, 5, 0)	1	(2, 5, 0, 0)	(2, 5, 0, 1)	0
(2, 5, 0)	2	(2, 5, 0, 0)	(2, 5, 0, 2)	0
(2, 5, 0)	3	(2, 5, 0, 0)	(2, 5, 0, 3)	0
(2, 5, 0)	4	(2, 5, 0, 0)	(2, 5, 0, 4)	14/3
(2, 5, 0)	5	(2, 5, 0, 0)	(2, 5, 0, 5)	25/6
(2, 5, 1)	0	(2, 5, 1, 0)	(2, 5, 1, 0)	0
(2, 5, 1)	1	(2, 5, 1, 0)	(2, 5, 1, 1)	41/6
(2, 5, 1)	2	(2, 5, 1, 0)	(2, 5, 1, 2)	2
(2, 5, 1)	3	(2, 5, 1, 0)	(2, 5, 1, 3)	14/3
(2, 5, 1)	4	(2, 5, 1, 0)	(2, 5, 1, 4)	29/3
(2, 5, 1)	5	(2, 5, 1, 0)	(2, 5, 1, 5)	17/2
(2, 5, 2)	0	(2, 5, 2, 0)	(2, 5, 2, 0)	0
(2, 5, 2)	1	(2, 5, 2, 0)	(2, 5, 2, 1)	2
(2, 5, 2)	2	(2, 5, 2, 0)	(2, 5, 2, 2)	101/12
(2, 5, 2)	3	(2, 5, 2, 0)	(2, 5, 2, 3)	3/2
(2, 5, 2)	4	(2, 5, 2, 0)	(2, 5, 2, 4)	155/12
(2, 5, 2)	5	(2, 5, 2, 0)	(2, 5, 2, 5)	137/12
(2, 5, 3)	0	(2, 5, 3, 0)	(2, 5, 3, 0)	0
(2, 5, 3)	1	(2, 5, 3, 0)	(2, 5, 3, 1)	14/3
(2, 5, 3)	2	(2, 5, 3, 0)	(2, 5, 3, 2)	3/2
(2, 5, 3)	3	(2, 5, 3, 0)	(2, 5, 3, 3)	47/6
(2, 5, 3)	4	(2, 5, 3, 0)	(2, 5, 3, 4)	21/2
(2, 5, 3)	5	(2, 5, 3, 0)	(2, 5, 3, 5)	26/3
(2, 5, 4)	0	(2, 5, 4, 0)	(2, 5, 4, 0)	0
(2, 5, 4)	1	(2, 5, 4, 0)	(2, 5, 4, 1)	5
(2, 5, 4)	2	(2, 5, 4, 0)	(2, 5, 4, 2)	33/4
(2, 5, 4)	3	(2, 5, 4, 0)	(2, 5, 4, 3)	35/6
(2, 5, 4)	4	(2, 5, 4, 0)	(2, 5, 4, 4)	75/4
(2, 5, 4)	5	(2, 5, 4, 0)	(2, 5, 4, 5)	187/12
(2, 5, 5)	0	(2, 5, 5, 0)	(2, 5, 5, 0)	0
(2, 5, 5)	1	(2, 5, 5, 0)	(2, 5, 5, 1)	13/3
(2, 5, 5)	2	(2, 5, 5, 0)	(2, 5, 5, 2)	29/4
(2, 5, 5)	3	(2, 5, 5, 0)	(2, 5, 5, 3)	9/2
(2, 5, 5)	4	(2, 5, 5, 0)	(2, 5, 5, 4)	193/12
(2, 5, 5)	5	(2, 5, 5, 0)	(2, 5, 5, 5)	67/4
(3, 0, 0)	0	(3, 0, 0, 2)	(3, 0, 0, 0)	57/4
(3, 0, 0)	1	(3, 0, 0, 2)	(3, 0, 0, 1)	19/4
(3, 0, 0)	2	(3, 0, 0, 2)	(3, 0, 0, 2)	0
(3, 0, 0)	3	(3, 0, 0, 2)	(3, 0, 0, 3)	187/12
(3, 0, 0)	4	(3, 0, 0, 2)	(3, 0, 0, 4)	35/6
(3, 0, 0)	5	(3, 0, 0, 2)	(3, 0, 0, 5)	4
(3, 0, 1)	0	(3, 0, 1, 2)	(3, 0, 1, 0)	67/12
(3, 0, 1)	1	(3, 0, 1, 2)	(3, 0, 1, 1)	37/4
(3, 0, 1)	2	(3, 0, 1, 2)	(3, 0, 1, 2)	0
(3, 0, 1)	3	(3, 0, 1, 2)	(3, 0, 1, 3)	47/4
(3, 0, 1)	4	(3, 0, 1, 2)	(3, 0, 1, 4)	25/3
(3, 0, 1)	5	(3, 0, 1, 2)	(3, 0, 1, 5)	6
(3, 0, 2)	0	(3, 0, 2, 2)	(3, 0, 2, 0)	10/3
(3, 0, 2)	1	(3, 0, 2, 2)	(3, 0, 2, 1)	5/2
(3, 0, 2)	2	(3, 0, 2, 2)	(3, 0, 2, 2)	0
(3, 0, 2)	3	(3, 0, 2, 2)	(3, 0, 2, 3)	20/3
(3, 0, 2)	4	(3, 0, 2, 2)	(3, 0, 2, 4)	11/2
(3, 0, 2)	5	(3, 0, 2, 2)	(3, 0, 2, 5)	5/2
(3, 0, 3)	0	(3, 0, 3, 2)	(3, 0, 3, 0)	49/4
(3, 0, 3)	1	(3, 0, 3, 2)	(3, 0, 3, 1)	91/12
(3, 0, 3)	2	(3, 0, 3, 2)	(3, 0, 3, 2)	0
(3, 0, 3)	3	(3, 0, 3, 2)	(3, 0, 3, 3)	251/12
(3, 0, 3)	4	(3, 0, 3, 2)	(3, 0, 3, 4)	9
(3, 0, 3)	5	(3, 0, 3, 2)	(3, 0, 3, 5)	7
(3, 0, 4)	0	(3, 0, 4, 2)	(3, 0, 4, 0)	11/3
(3, 0, 4)	1	(3, 0, 4, 2)	(3, 0, 4, 1)	16/3
(3, 0, 4)	2	(3, 0, 4, 2)	(3, 0, 4, 2)	0
(3, 0, 4)	3	(3, 0, 4, 2)	(3, 0, 4, 3)	61/6
(3, 0, 4)	4	(3, 0, 4, 2)	(3, 0, 4, 4)	10
(3, 0, 4)	5	(3, 0, 4, 2)	(3, 0, 4, 5)	37/6
(3, 0, 5)	0	(3, 0, 5, 2)	(3, 0, 5, 0)	29/6
(3, 0, 5)	1	(3, 0, 5, 2)	(3, 0, 5, 1)	6
(3, 0, 5)	2	(3, 0, 5, 2)	(3, 0, 5, 2)	0
(3, 0, 5)	3	(3, 0, 5, 2)	(3, 0, 5, 3)	67/6
(3, 0, 5)	4	(3, 0, 5, 2)	(3, 0, 5, 4)	55/6
(3, 0, 5)	5	(3, 0, 5, 2)	(3, 0, 5, 5)	26/3
(3, 1, 0)	0	(3, 1, 0, 2)	(3, 1, 0, 0)	67/12
(3, 1, 0)	1	(3, 1, 0, 2)	(3, 1, 0, 1)	37/4
(3, 1, 0)	2	(3, 1, 0, 2)	(3, 1, 0, 2)	0
(3, 1, 0)	3	(3, 1, 0, 2)	(3, 1, 0, 3)	47/4
(3, 1, 0)	4	(3, 1, 0, 2)	(3, 1, 0, 4)	25/3
(3, 1, 0)	5	(3, 1, 0, 2)	(3, 1, 0, 5)	6
(3, 1, 1)	0	(3, 1, 1, 2)	(3, 1, 1, 0)	25/12
(3, 1, 1)	1	(3, 1, 1, 2)	(3, 1, 1, 1)	253/12
(3, 1, 1)	2	(3, 1, 1, 2)	(3, 1, 1, 2)	0
(3, 1, 1)	3	(3, 1, 1, 2)	(3, 1, 1, 3)	233/12
(3, 1, 1)	4	(3, 1, 1, 2)	(3, 1, 1, 4)	65/4
(3, 1, 1)	5	(3, 1, 1, 2)	(3, 1, 1, 5)	40/3
(3, 1, 2)	0	(3, 1, 2, 0)	(3, 1, 2, 0)	0
(3, 1, 2)	1	(3, 1, 2, 0)	(3, 1, 2, 1)	43/6
(3, 1, 2)	2	(3, 1, 2, 0)	(3, 1, 2, 2)	1/6
(3, 1, 2)	3	(3, 1, 2, 0)	(3, 1, 2, 3)	8
(3, 1, 2)	4	(3, 1, 2, 0)	(3, 1, 2, 4)	25/3
(3, 1, 2)	5	(3, 1, 2, 0)	(3, 1, 2, 5)	14/3
(3, 1, 3)	0	(3, 1, 3, 2)	(3, 1, 3, 0)	15/4
(3, 1, 3)	1	(3, 1, 3, 2)	(3, 1, 3, 1)	223/12
(3, 1, 3)	2	(3, 1, 3, 2)	(3, 1, 3, 2)	0
(3, 1, 3)	3	(3, 1, 3, 2)	(3, 1, 3, 3)	283/12
(3, 1, 3)	4	(3, 1, 3, 2)	(3, 1, 3, 4)	203/12
(3, 1, 3)	5	(3, 1, 3, 2)	(3, 1, 3, 5)	14
(3, 1, 4)	0	(3, 1, 4, 0)	(3, 1, 4, 0)	0
(3, 1, 4)	1	(3, 1, 4, 0)	(3, 1, 4, 1)	181/12
(3, 1, 4)	2	(3, 1, 4, 0)	(3, 1, 4, 2)	0
(3, 1, 4)	3	(3, 1, 4, 0)	(3, 1, 4, 3)	199/12
(3, 1, 4)	4	(3, 1, 4, 0)	(3, 1, 4, 4)	71/4
(3, 1, 4)	5	(3, 1, 4, 0)	(3, 1, 4, 5)	27/2
(3, 1, 5)	0	(3, 1, 5, 2)	(3, 1, 5, 0)	4/3
(3, 1, 5)	1	(3, 1, 5, 2)	(3, 1, 5, 1)	95/6
(3, 1, 5)	2	(3, 1, 5, 2)	(3, 1, 5, 2)	0
(3, 1, 5)	3	(3, 1, 5, 2)	(3, 1, 5, 3)	52/3
(3, 1, 5)	4	(3, 1, 5, 2)	(3, 1, 5, 4)	103/6
(3, 1, 5)	5	(3, 1, 5, 2)	(3, 1, 5, 5)	16
(3, 2, 0)	0	(3, 2, 0, 2)	(3, 2, 0, 0)	10/3
(3, 2, 0)	1	(3, 2, 0, 2)	(3, 2, 0, 1)	5/2
(3, 2, 0)	2	(3, 2, 0, 2)	(3, 2, 0, 2)	0
(3, 2, 0)	3	(3, 2, 0, 2)	(3, 2, 0, 3)	20/3
(3, 2, 0)	4	(3, 2, 0, 2)	(3, 2, 0, 4)	11/2
(3, 2, 0)	5	(3, 2, 0, 2)	(3, 2, 0, 5)	5/2
(3, 2, 1)	0	(3, 2, 1, 0)	(3, 2, 1, 0)	0
(3, 2, 1)	1	(3, 2, 1, 0)	(3, 2, 1, 1)	43/6
(3, 2, 1)	2	(3, 2, 1, 0)	(3, 2, 1, 2)	1/6
(3, 2, 1)	3	(3, 2, 1, 0)	(3, 2, 1, 3)	8
(3, 2, 1)	4	(3, 2, 1, 0)	(3, 2, 1, 4)	25/3
(3, 2, 1)	5	(3, 2, 1, 0)	(3, 2, 1, 5)	14/3
(3, 2, 2)	0	(3, 2, 2, 0)	(3, 2, 2, 0)	0
(3, 2, 2)	1	(3, 2, 2, 0)	(3, 2, 2, 1)	8/3
(3, 2, 2)	2	(3, 2, 2, 0)	(3, 2, 2, 2)	14/3
(3, 2, 2)	3	(3, 2, 2, 0)	(3, 2, 2, 3)	41/6
(3, 2, 2)	4	(3, 2, 2, 0)	(3, 2, 2, 4)	10
(3, 2, 2)	5	(3, 2, 2, 0)	(3, 2, 2, 5)	4
(3, 2, 3)	0	(3, 2, 3, 0)	(3, 2, 3, 0)	0
(3, 2, 3)	1	(3, 2, 3, 0)	(3, 2, 3, 1)	23/6
(3, 2, 3)	2	(3, 2, 3, 0)	(3, 2, 3, 2)	1/6
(3, 2, 3)	3	(3, 2, 3, 0)	(3, 2, 3, 3)	73/6
(3, 2, 3)	4	(3, 2, 3, 0)	(3, 2, 3, 4)	9
(3, 2, 3)	5	(3, 2, 3, 0)	(3, 2, 3, 5)	11/3
(3, 2, 4)	0	(3, 2, 4, 0)	(3, 2, 4, 0)	0
(3, 2, 4)	1	(3, 2, 4, 0)	(3, 2, 4, 1)	16/3
(3, 2, 4)	2	(3, 2, 4, 0)	(3, 2, 4, 2)	9/2
(3, 2, 4)	3	(3, 2, 4, 0)	(3, 2, 4, 3)	61/6
(3, 2, 4)	4	(3, 2, 4, 0)	(3, 2, 4, 4)	85/6
(3, 2, 4)	5	(3, 2, 4, 0)	(3, 2, 4, 5)	15/2
(3, 2, 5)	0	(3, 2, 5, 0)	(3, 2, 5, 0)	0
(3, 2, 5)	1	(3, 2, 5, 0)	(3, 2, 5, 1)	14/3
(3, 2, 5)	2	(3, 2, 5, 0)	(3, 2, 5, 2)	3/2
(3, 2, 5)	3	(3, 2, 5, 0)	(3, 2, 5, 3)	47/6
(3, 2, 5)	4	(3, 2, 5, 0)	(3, 2, 5, 4)	21/2
(3, 2, 5)	5	(3, 2, 5, 0)	(3, 2, 5, 5)	26/3
(3, 3, 0)	0	(3, 3, 0, 2)	(3, 3, 0, 0)	49/4
(3, 3, 0)	1	(3, 3, 0, 2)	(3, 3, 0, 1)	91/12
(3, 3, 0)	2	(3, 3, 0, 2)	(3, 3, 0, 2)	0
(3, 3, 0)	3	(3, 3, 0, 2)	(3, 3, 0, 3)	251/12
(3, 3, 0)	4	(3, 3, 0, 2)	(3, 3, 0, 4)	9
(3, 3, 0)	5	(3, 3, 0, 2)	(3, 3, 0, 5)	7
(3, 3, 1)	0	(3, 3, 1, 2)	(3, 3, 1, 0)	15/4
(3, 3, 1)	1	(3, 3, 1, 2)	(3, 3, 1, 1)	223/12
(3, 3, 1)	2	(3, 3, 1, 2)	(3, 3, 1, 2)	0
(3, 3, 1)	3	(3, 3, 1, 2)	(3, 3, 1, 3)	283/12
(3, 3, 1)	4	(3, 3, 1, 2)	(3, 3, 1, 4)	203/12
(3, 3, 1)	5	(3, 3, 1, 2)	(3, 3, 1, 5)	14
(3, 3, 2)	0	(3, 3, 2, 0)	(3, 3, 2, 0)	0
(3, 3, 2)	1	(3, 3, 2, 0)	(3, 3, 2, 1)	23/6
(3, 3, 2)	2	(3, 3, 2, 0)	(3, 3, 2, 2)	1/6
(3, 3, 2)	3	(3, 3, 2, 0)	(3, 3, 2, 3)	73/6
(3, 3, 2)	4	(3, 3, 2, 0)	(3, 3, 2, 4)	9
(3, 3, 2)	5	(3, 3, 2, 0)	(3, 3, 2, 5)	11/3
(3, 3, 3)	0	(3, 3, 3, 2)	(3, 3, 3, 0)	35/4
(3, 3, 3)	1	(3, 3, 3, 2)	(3, 3, 3, 1)	61/4
(3, 3, 3)	2	(3, 3, 3, 2)	(3, 3, 3, 2)	0
(3, 3, 3)	3	(3, 3, 3, 2)	(3, 3, 3, 3)	131/4
(3, 3, 3)	4	(3, 3, 3, 2)	(3, 3, 3, 4)	69/4
(3, 3, 3)	5	(3, 3, 3, 2)	(3, 3, 3, 5)	27/2
(3, 3, 4)	0	(3, 3, 4, 0)	(3, 3, 4, 0)	0
(3, 3, 4)	1	(3, 3, 4, 0)	(3, 3, 4, 1)	47/4
(3, 3, 4)	2	(3, 3, 4, 0)	(3, 3, 4, 2)	0
(3, 3, 4)	3	(3, 3, 4, 0)	(3, 3, 4, 3)	245/12
(3, 3, 4)	4	(3, 3, 4, 0)	(3, 3, 4, 4)	217/12
(3, 3, 4)	5	(3, 3, 4, 0)	(3, 3, 4, 5)	37/3
(3, 3, 5)	0	(3, 3, 5, 2)	(3, 3, 5, 0)	10/3
(3, 3, 5)	1	(3, 3, 5, 2)	(3, 3, 5, 1)	85/6
(3, 3, 5)	2	(3, 3, 5, 2)	(3, 3, 5, 2)	0
(3, 3, 5)	3	(3, 3, 5, 2)	(3, 3, 5, 3)	22
(3, 3, 5)	4	(3, 3, 5, 2)	(3, 3, 5, 4)	53/3
(3, 3, 5)	5	(3, 3, 5, 2)	(3, 3, 5, 5)	103/6
(3, 4, 0)	0	(3, 4, 0, 2)	(3, 4, 0, 0)	11/3
(3, 4, 0)	1	(3, 4, 0, 2)	(3, 4, 0, 1)	16/3
(3, 4, 0)	2	(3, 4, 0, 2)	(3, 4, 0, 2)	0
(3, 4, 0)	3	(3, 4, 0, 2)	(3, 4, 0, 3)	61/6
(3, 4, 0)	4	(3, 4, 0, 2)	(3, 4, 0, 4)	10
(3, 4, 0)	5	(3, 4, 0, 2)	(3, 4, 0, 5)	37/6
(3, 4, 1)	0	(3, 4, 1, 0)	(3, 4, 1, 0)	0
(3, 4, 1)	1	(3, 4, 1, 0)	(3, 4, 1, 1)	181/12
(3, 4, 1)	2	(3, 4, 1, 0)	(3, 4, 1, 2)	0
(3, 4, 1)	3	(3, 4, 1, 0)	(3, 4, 1, 3)	199/12
(3, 4, 1)	4	(3, 4, 1, 0)	(3, 4, 1, 4)	71/4
(3, 4, 1)	5	(3, 4, 1, 0)	(3, 4, 1, 5)	27/2
(3, 4, 2)	0	(3, 4, 2, 0)	(3, 4, 2, 0)	0
(3, 4, 2)	1	(3, 4, 2, 0)	(3, 4, 2, 1)	16/3
(3, 4, 2)	2	(3, 4, 2, 0)	(3, 4, 2, 2)	9/2
(3, 4, 2)	3	(3, 4, 2, 0)	(3, 4, 2, 3)	61/6
(3, 4, 2)	4	(3, 4, 2, 0)	(3, 4, 2, 4)	85/6
(3, 4, 2)	5	(3, 4, 2, 0)	(3, 4, 2, 5)	15/2
(3, 4, 3)	0	(3, 4, 3, 0)	(3, 4, 3, 0)	0
(3, 4, 3)	1	(3, 4, 3, 0)	(3, 4, 3, 1)	47/4
(3, 4, 3)	2	(3, 4, 3, 0)	(3, 4, 3, 2)	0
(3, 4, 3)	3	(3, 4, 3, 0)	(3, 4, 3, 3)	245/12
(3, 4, 3)	4	(3, 4, 3, 0)	(3, 4, 3, 4)	217/12
(3, 4, 3)	5	(3, 4, 3, 0)	(3, 4, 3, 5)	37/3
(3, 4, 4)	0	(3, 4, 4, 0)	(3, 4, 4, 0)	0
(3, 4, 4)	1	(3, 4, 4, 0)	(3, 4, 4, 1)	157/12
(3, 4, 4)	2	(3, 4, 4, 0)	(3, 4, 4, 2)	25/6
(3, 4, 4)	3	(3, 4, 4, 0)	(3, 4, 4, 3)	73/4
(3, 4, 4)	4	(3, 4, 4, 0)	(3, 4, 4, 4)	287/12
(3, 4, 4)	5	(3, 4, 4, 0)	(3, 4, 4, 5)	50/3
(3, 4, 5)	0	(3, 4, 5, 0)	(3, 4, 5, 0)	0
(3, 4, 5)	1	(3, 4, 5, 0)	(3, 4, 5, 1)	38/3
(3, 4, 5)	2	(3, 4, 5, 0)	(3, 4, 5, 2)	4/3
(3, 4, 5)	3	(3, 4, 5, 0)	(3, 4, 5, 3)	49/3
(3, 4, 5)	4	(3, 4, 5, 0)	(3, 4, 5, 4)	41/2
(3, 4, 5)	5	(3, 4, 5, 0)	(3, 4, 5, 5)	18
(3, 5, 0)	0	(3, 5, 0, 2)	(3, 5, 0, 0)	29/6
(3, 5, 0)	1	(3, 5, 0, 2)	(3, 5, 0, 1)	6
(3, 5, 0)	2	(3, 5, 0, 2)	(3, 5, 0, 2)	0
(3, 5, 0)	3	(3, 5, 0, 2)	(3, 5, 0, 3)	67/6
(3, 5, 0)	4	(3, 5, 0, 2)	(3, 5, 0, 4)	55/6
(3, 5, 0)	5	(3, 5, 0, 2)	(3, 5, 0, 5)	26/3
(3, 5, 1)	0	(3, 5, 1, 2)	(3, 5, 1, 0)	4/3
(3, 5, 1)	1	(3, 5, 1, 2)	(3, 5, 1, 1)	95/6
(3, 5, 1)	2	(3, 5, 1, 2)	(3, 5, 1, 2)	0
(3, 5, 1)	3	(3, 5, 1, 2)	(3, 5, 1, 3)	52/3
(3, 5, 1)	4	(3, 5, 1, 2)	(3, 5, 1, 4)	103/6
(3, 5, 1)	5	(3, 5, 1, 2)	(3, 5, 1, 5)	16
(3, 5, 2)	0	(3, 5, 2, 0)	(3, 5, 2, 0)	0
(3, 5, 2)	1	(3, 5, 2, 0)	(3, 5, 2, 1)	14/3
(3, 5, 2)	2	(3, 5, 2, 0)	(3, 5, 2, 2)	3/2
(3, 5, 2)	3	(3, 5, 2, 0)	(3, 5, 2, 3)	47/6
(3, 5, 2)	4	(3, 5, 2, 0)	(3, 5, 2, 4)	21/2
(3, 5, 2)	5	(3, 5, 2, 0)	(3, 5, 2, 5)	26/3
(3, 5, 3)	0	(3, 5, 3, 2)	(3, 5, 3, 0)	10/3
(3, 5, 3)	1	(3, 5, 3, 2)	(3, 5, 3, 1)	85/6
(3, 5, 3)	2	(3, 5, 3, 2)	(3, 5, 3, 2)	0
(3, 5, 3)	3	(3, 5, 3, 2)	(3, 5, 3, 3)	22
(3, 5, 3)	4	(3, 5, 3, 2)	(3, 5, 3, 4)	53/3
(3, 5, 3)	5	(3, 5, 3, 2)	(3, 5, 3, 5)	103/6
(3, 5, 4)	0	(3, 5, 4, 0)	(3, 5, 4, 0)	0
(3, 5, 4)	1	(3, 5, 4, 0)	(3, 5, 4, 1)	38/3
(3, 5, 4)	2	(3, 5, 4, 0)	(3, 5, 4, 2)	4/3
(3, 5, 4)	3	(3, 5, 4, 0)	(3, 5, 4, 3)	49/3
(3, 5, 4)	4	(3, 5, 4, 0)	(3, 5, 4, 4)	41/2
(3, 5, 4)	5	(3, 5, 4, 0)	(3, 5, 4, 5)	18
(3, 5, 5)	0	(3, 5, 5, 2)	(3, 5, 5, 0)	0
(3, 5, 5)	1	(3, 5, 5, 2)	(3, 5, 5, 1)	12
(3, 5, 5)	2	(3, 5, 5, 2)	(3, 5, 5, 2)	0
(3, 5, 5)	3	(3, 5, 5, 2)	(3, 5, 5, 3)	49/3
(3, 5, 5)	4	(3, 5, 5, 2)	(3, 5, 5, 4)	37/2
(3, 5, 5)	5	(3, 5, 5, 2)	(3, 5, 5, 5)	39/2
(4, 0, 0)	0	(4, 0, 0, 2)	(4, 0, 0, 0)	19/3
(4, 0, 0)	1	(4, 0, 0, 2)	(4, 0, 0, 1)	5/2
(4, 0, 0)	2	(4, 0, 0, 2)	(4, 0, 0, 2)	0
(4, 0, 0)	3	(4, 0, 0, 2)	(4, 0, 0, 3)	11/3
(4, 0, 0)	4	(4, 0, 0, 2)	(4, 0, 0, 4)	15/2
(4, 0, 0)	5	(4, 0, 0, 2)	(4, 0, 0, 5)	2
(4, 0, 1)	0	(4, 0, 1, 2)	(4, 0, 1, 0)	2
(4, 0, 1)	1	(4, 0, 1, 2)	(4, 0, 1, 1)	7
(4, 0, 1)	2	(4, 0, 1, 2)	(4, 0, 1, 2)	0
(4, 0, 1)	3	(4, 0, 1, 2)	(4, 0, 1, 3)	29/6
(4, 0, 1)	4	(4, 0, 1, 2)	(4, 0, 1, 4)	28/3
(4, 0, 1)	5	(4, 0, 1, 2)	(4, 0, 1, 5)	13/3
(4, 0, 2)	0	(4, 0, 2, 3)	(4, 0, 2, 0)	0
(4, 0, 2)	1	(4, 0, 2, 3)	(4, 0, 2, 1)	1/2
(4, 0, 2)	2	(4, 0, 2, 3)	(4, 0, 2, 2)	5/6
(4, 0, 2)	3	(4, 0, 2, 3)	(4, 0, 2, 3)	0
(4, 0, 2)	4	(4, 0, 2, 3)	(4, 0, 2, 4)	22/3
(4, 0, 2)	5	(4, 0, 2, 3)	(4, 0, 2, 5)	5/3
(4, 0, 3)	0	(4, 0, 3, 2)	(4, 0, 3, 0)	11/3
(4, 0, 3)	1	(4, 0, 3, 2)	(4, 0, 3, 1)	16/3
(4, 0, 3)	2	(4, 0, 3, 2)	(4, 0, 3, 2)	0
(4, 0, 3)	3	(4, 0, 3, 2)	(4, 0, 3, 3)	61/6
(4, 0, 3)	4	(4, 0, 3, 2)	(4, 0, 3, 4)	10
(4, 0, 3)	5	(4, 0, 3, 2)	(4, 0, 3, 5)	37/6
(4, 0, 4)	0	(4, 0, 4, 2)	(4, 0, 4, 0)	1/6
(4, 0, 4)	1	(4, 0, 4, 2)	(4, 0, 4, 1)	5/2
(4, 0, 4)	2	(4, 0, 4, 2)	(4, 0, 4, 2)	0
(4, 0, 4)	3	(4, 0, 4, 2)	(4, 0, 4, 3)	8/3
(4, 0, 4)	4	(4, 0, 4, 2)	(4, 0, 4, 4)	37/3
(4, 0, 4)	5	(4, 0, 4, 2)	(4, 0, 4, 5)	31/6
(4, 0, 5)	0	(4, 0, 5, 2)	(4, 0, 5, 0)	1/3
(4, 0, 5)	1	(4, 0, 5, 2)	(4, 0, 5, 1)	19/6
(4, 0, 5)	2	(4, 0, 5, 2)	(4, 0, 5, 2)	0
(4, 0, 5)	3	(4, 0, 5, 2)	(4, 0, 5, 3)	9/2
(4, 0, 5)	4	(4, 0, 5, 2)	(4, 0, 5, 4)	65/6
(4, 0, 5)	5	(4, 0, 5, 2)	(4, 0, 5, 5)	17/2
(4, 1, 0)	0	(4, 1, 0, 2)	(4, 1, 0, 0)	2
(4, 1, 0)	1	(4, 1, 0, 2)	(4, 1, 0, 1)	7
(4, 1, 0)	2	(4, 1, 0, 2)	(4, 1, 0, 2)	0
(4, 1, 0)	3	(4, 1, 0, 2)	(4, 1, 0, 3)	29/6
(4, 1, 0)	4	(4, 1, 0, 2)	(4, 1, 0, 4)	28/3
(4, 1, 0)	5	(4, 1, 0, 2)	(4, 1, 0, 5)	13/3
(4, 1, 1)	0	(4, 1, 1, 0)	(4, 1, 1, 0)	0
(4, 1, 1)	1	(4, 1, 1, 0)	(4, 1, 1, 1)	18
(4, 1, 1)	2	(4, 1, 1, 0)	(4, 1, 1, 2)	5/12
(4, 1, 1)	3	(4, 1, 1, 0)	(4, 1, 1, 3)	155/12
(4, 1, 1)	4	(4, 1, 1, 0)	(4, 1, 1, 4)	35/2
(4, 1, 1)	5	(4, 1, 1, 0)	(4, 1, 1, 5)	73/6
(4, 1, 2)	0	(4, 1, 2, 0)	(4, 1, 2, 0)	0
(4, 1, 2)	1	(4, 1, 2, 0)	(4, 1, 2, 1)	89/12
(4, 1, 2)	2	(4, 1, 2, 0)	(4, 1, 2, 2)	13/4
(4, 1, 2)	3	(4, 1, 2, 0)	(4, 1, 2, 3)	29/6
(4, 1, 2)	4	(4, 1, 2, 0)	(4, 1, 2, 4)	49/4
(4, 1, 2)	5	(4, 1, 2, 0)	(4, 1, 2, 5)	37/6
(4, 1, 3)	0	(4, 1, 3, 0)	(4, 1, 3, 0)	0
(4, 1, 3)	1	(4, 1, 3, 0)	(4, 1, 3, 1)	181/12
(4, 1, 3)	2	(4, 1, 3, 0)	(4, 1, 3, 2)	0
(4, 1, 3)	3	(4, 1, 3, 0)	(4, 1, 3, 3)	199/12
(4, 1, 3)	4	(4, 1, 3, 0)	(4, 1, 3, 4)	71/4
(4, 1, 3)	5	(4, 1, 3, 0)	(4, 1, 3, 5)	27/2
(4, 1, 4)	0	(4, 1, 4, 0)	(4, 1, 4, 0)	0
(4, 1, 4)	1	(4, 1, 4, 0)	(4, 1, 4, 1)	91/6
(4, 1, 4)	2	(4, 1, 4, 0)	(4, 1, 4, 2)	35/12
(4, 1, 4)	3	(4, 1, 4, 0)	(4, 1, 4, 3)	53/4
(4, 1, 4)	4	(4, 1, 4, 0)	(4, 1, 4, 4)	67/3
(4, 1, 4)	5	(4, 1, 4, 0)	(4, 1, 4, 5)	31/2
(4, 1, 5)	0	(4, 1, 5, 0)	(4, 1, 5, 0)	0
(4, 1, 5)	1	(4, 1, 5, 0)	(4, 1, 5, 1)	89/6
(4, 1, 5)	2	(4, 1, 5, 0)	(4, 1, 5, 2)	11/6
(4, 1, 5)	3	(4, 1, 5, 0)	(4, 1, 5, 3)	14
(4, 1, 5)	4	(4, 1, 5, 0)	(4, 1, 5, 4)	41/2
(4, 1, 5)	5	(4, 1, 5, 0)	(4, 1, 5, 5)	18
(4, 2, 0)	0	(4, 2, 0, 3)	(4, 2, 0, 0)	0
(4, 2, 0)	1	(4, 2, 0, 3)	(4, 2, 0, 1)	1/2
(4, 2, 0)	2	(4, 2, 0, 3)	(4, 2, 0, 2)	5/6
(4, 2, 0)	3	(4, 2, 0, 3)	(4, 2, 0, 3)	0
(4, 2, 0)	4	(4, 2, 0, 3)	(4, 2, 0, 4)	22/3
(4, 2, 0)	5	(4, 2, 0, 3)	(4, 2, 0, 5)	5/3
(4, 2, 1)	0	(4, 2, 1, 0)	(4, 2, 1, 0)	0
(4, 2, 1)	1	(4, 2, 1, 0)	(4, 2, 1, 1)	89/12
(4, 2, 1)	2	(4, 2, 1, 0)	(4, 2, 1, 2)	13/4
(4, 2, 1)	3	(4, 2, 1, 0)	(4, 2, 1, 3)	29/6
(4, 2, 1)	4	(4, 2, 1, 0)	(4, 2, 1, 4)	49/4
(4, 2, 1)	5	(4, 2, 1, 0)	(4, 2, 1, 5)	37/6
(4, 2, 2)	0	(4, 2, 2, 0)	(4, 2, 2, 0)	0
(4, 2, 2)	1	(4, 2, 2, 0)	(4, 2, 2, 1)	35/12
(4, 2, 2)	2	(4, 2, 2, 0)	(4, 2, 2, 2)	34/3
(4, 2, 2)	3	(4, 2, 2, 0)	(4, 2, 2, 3)	11/3
(4, 2, 2)	4	(4, 2, 2, 0)	(4, 2, 2, 4)	35/2
(4, 2, 2)	5	(4, 2, 2, 0)	(4, 2, 2, 5)	109/12
(4, 2, 3)	0	(4, 2, 3, 0)	(4, 2, 3, 0)	0
(4, 2, 3)	1	(4, 2, 3, 0)	(4, 2, 3, 1)	16/3
(4, 2, 3)	2	(4, 2, 3, 0)	(4, 2, 3, 2)	9/2
(4, 2, 3)	3	(4, 2, 3, 0)	(4, 2, 3, 3)	61/6
(4, 2, 3)	4	(4, 2, 3, 0)	(4, 2, 3, 4)	85/6
(4, 2, 3)	5	(4, 2, 3, 0)	(4, 2, 3, 5)	15/2
(4, 2, 4)	0	(4, 2, 4, 0)	(4, 2, 4, 0)	0
(4, 2, 4)	1	(4, 2, 4, 0)	(4, 2, 4, 1)	65/12
(4, 2, 4)	2	(4, 2, 4, 0)	(4, 2, 4, 2)	11
(4, 2, 4)	3	(4, 2, 4, 0)	(4, 2, 4, 3)	41/6
(4, 2, 4)	4	(4, 2, 4, 0)	(4, 2, 4, 4)	67/3
(4, 2, 4)	5	(4, 2, 4, 0)	(4, 2, 4, 5)	157/12
(4, 2, 5)	0	(4, 2, 5, 0)	(4, 2, 5, 0)	0
(4, 2, 5)	1	(4, 2, 5, 0)	(4, 2, 5, 1)	5
(4, 2, 5)	2	(4, 2, 5, 0)	(4, 2, 5, 2)	33/4
(4, 2, 5)	3	(4, 2, 5, 0)	(4, 2, 5, 3)	35/6
(4, 2, 5)	4	(4, 2, 5, 0)	(4, 2, 5, 4)	75/4
(4, 2, 5)	5	(4, 2, 5, 0)	(4, 2, 5, 5)	187/12
(4, 3, 0)	0	(4, 3, 0, 2)	(4, 3, 0, 0)	11/3
(4, 3, 0)	1	(4, 3, 0, 2)	(4, 3, 0, 1)	16/3
(4, 3, 0)	2	(4, 3, 0, 2)	(4, 3, 0, 2)	0
(4, 3, 0)	3	(4, 3, 0, 2)	(4, 3, 0, 3)	61/6
(4, 3, 0)	4	(4, 3, 0, 2)	(4, 3, 0, 4)	10
(4, 3, 0)	5	(4, 3, 0, 2)	(4, 3, 0, 5)	37/6
(4, 3, 1)	0	(4, 3, 1, 0)	(4, 3, 1, 0)	0
(4, 3, 1)	1	(4, 3, 1, 0)	(4, 3, 1, 1)	181/12
(4, 3, 1)	2	(4, 3, 1, 0)	(4, 3, 1, 2)	0
(4, 3, 1)	3	(4, 3, 1, 0)	(4, 3, 1, 3)	199/12
(4, 3, 1)	4	(4, 3, 1, 0)	(4, 3, 1, 4)	71/4
(4, 3, 1)	5	(4, 3, 1, 0)	(4, 3, 1, 5)	27/2
(4, 3, 2)	0	(4, 3, 2, 0)	(4, 3, 2, 0)	0
(4, 3, 2)	1	(4, 3, 2, 0)	(4, 3, 2, 1)	16/3
(4, 3, 2)	2	(4, 3, 2, 0)	(4, 3, 2, 2)	9/2
(4, 3, 2)	3	(4, 3, 2, 0)	(4, 3, 2, 3)	61/6
(4, 3, 2)	4	(4, 3, 2, 0)	(4, 3, 2, 4)	85/6
(4, 3, 2)	5	(4, 3, 2, 0)	(4, 3, 2, 5)	15/2
(4, 3, 3)	0	(4, 3, 3, 0)	(4, 3, 3, 0)	0
(4, 3, 3)	1	(4, 3, 3, 0)	(4, 3, 3, 1)	47/4
(4, 3, 3)	2	(4, 3, 3, 0)	(4, 3, 3, 2)	0
(4, 3, 3)	3	(4, 3, 3, 0)	(4, 3, 3, 3)	245/12
(4, 3, 3)	4	(4, 3, 3, 0)	(4, 3, 3, 4)	217/12
(4, 3, 3)	5	(4, 3, 3, 0)	(4, 3, 3, 5)	37/3
(4, 3, 4)	0	(4, 3, 4, 0)	(4, 3, 4, 0)	0
(4, 3, 4)	1	(4, 3, 4, 0)	(4, 3, 4, 1)	157/12
(4, 3, 4)	2	(4, 3, 4, 0)	(4, 3, 4, 2)	25/6
(4, 3, 4)	3	(4, 3, 4, 0)	(4, 3, 4, 3)	73/4
(4, 3, 4)	4	(4, 3, 4, 0)	(4, 3, 4, 4)	287/12
(4, 3, 4)	5	(4, 3, 4, 0)	(4, 3, 4, 5)	50/3
(4, 3, 5)	0	(4, 3, 5, 0)	(4, 3, 5, 0)	0
(4, 3, 5)	1	(4, 3, 5, 0)	(4, 3, 5, 1)	38/3
(4, 3, 5)	2	(4, 3, 5, 0)	(4, 3, 5, 2)	4/3
(4, 3, 5)	3	(4, 3, 5, 0)	(4, 3, 5, 3)	49/3
(4, 3, 5)	4	(4, 3, 5, 0)	(4, 3, 5, 4)	41/2
(4, 3, 5)	5	(4, 3, 5, 0)	(4, 3, 5, 5)	18
(4, 4, 0)	0	(4, 4, 0, 2)	(4, 4, 0, 0)	1/6
(4, 4, 0)	1	(4, 4, 0, 2)	(4, 4, 0, 1)	5/2
(4, 4, 0)	2	(4, 4, 0, 2)	(4, 4, 0, 2)	0
(4, 4, 0)	3	(4, 4, 0, 2)	(4, 4, 0, 3)	8/3
(4, 4, 0)	4	(4, 4, 0, 2)	(4, 4, 0, 4)	37/3
(4, 4, 0)	5	(4, 4, 0, 2)	(4, 4, 0, 5)	31/6
(4, 4, 1)	0	(4, 4, 1, 0)	(4, 4, 1, 0)	0
(4, 4, 1)	1	(4, 4, 1, 0)	(4, 4, 1, 1)	91/6
(4, 4, 1)	2	(4, 4, 1, 0)	(4, 4, 1, 2)	35/12
(4, 4, 1)	3	(4, 4, 1, 0)	(4, 4, 1, 3)	53/4
(4, 4, 1)	4	(4, 4, 1, 0)	(4, 4, 1, 4)	67/3
(4, 4, 1)	5	(4, 4, 1, 0)	(4, 4, 1, 5)	31/2
(4, 4, 2)	0	(4, 4, 2, 0)	(4, 4, 2, 0)	0
(4, 4, 2)	1	(4, 4, 2, 0)	(4, 4, 2, 1)	65/12
(4, 4, 2)	2	(4, 4, 2, 0)	(4, 4, 2, 2)	11
(4, 4, 2)	3	(4, 4, 2, 0)	(4, 4, 2, 3)	41/6
(4, 4, 2)	4	(4, 4, 2, 0)	(4, 4, 2, 4)	67/3
(4, 4, 2)	5	(4, 4, 2, 0)	(4, 4, 2, 5)	157/12
(4, 4, 3)	0	(4, 4, 3, 0)	(4, 4, 3, 0)	0
(4, 4, 3)	1	(4, 4, 3, 0)	(4, 4, 3, 1)	157/12
(4, 4, 3)	2	(4, 4, 3, 0)	(4, 4, 3, 2)	25/6
(4, 4, 3)	3	(4, 4, 3, 0)	(4, 4, 3, 3)	73/4
(4, 4, 3)	4	(4, 4, 3, 0)	(4, 4, 3, 4)	287/12
(4, 4, 3)	5	(4, 4, 3, 0)	(4, 4, 3, 5)	50/3
(4, 4, 4)	0	(4, 4, 4, 0)	(4, 4, 4, 0)	0
(4, 4, 4)	1	(4, 4, 4, 0)	(4, 4, 4, 1)	25/2
(4, 4, 4)	2	(4, 4, 4, 0)	(4, 4, 4, 2)	10
(4, 4, 4)	3	(4, 4, 4, 0)	(4, 4, 4, 3)	57/4
(4, 4, 4)	4	(4, 4, 4, 0)	(4, 4, 4, 4)	139/4
(4, 4, 4)	5	(4, 4, 4, 0)	(4, 4, 4, 5)	97/4
(4, 4, 5)	0	(4, 4, 5, 0)	(4, 4, 5, 0)	0
(4, 4, 5)	1	(4, 4, 5, 0)	(4, 4, 5, 1)	77/6
(4, 4, 5)	2	(4, 4, 5, 0)	(4, 4, 5, 2)	95/12
(4, 4, 5)	3	(4, 4, 5, 0)	(4, 4, 5, 3)	85/6
(4, 4, 5)	4	(4, 4, 5, 0)	(4, 4, 5, 4)	377/12
(4, 4, 5)	5	(4, 4, 5, 0)	(4, 4, 5, 5)	329/12
(4, 5, 0)	0	(4, 5, 0, 2)	(4, 5, 0, 0)	1/3
(4, 5, 0)	1	(4, 5, 0, 2)	(4, 5, 0, 1)	19/6
(4, 5, 0)	2	(4, 5, 0, 2)	(4, 5, 0, 2)	0
(4, 5, 0)	3	(4, 5, 0, 2)	(4, 5, 0, 3)	9/2
(4, 5, 0)	4	(4, 5, 0, 2)	(4, 5, 0, 4)	65/6
(4, 5, 0)	5	(4, 5, 0, 2)	(4, 5, 0, 5)	17/2
(4, 5, 1)	0	(4, 5, 1, 0)	(4, 5, 1, 0)	0
(4, 5, 1)	1	(4, 5, 1, 0)	(4, 5, 1, 1)	89/6
(4, 5, 1)	2	(4, 5, 1, 0)	(4, 5, 1, 2)	11/6
(4, 5, 1)	3	(4, 5, 1, 0)	(4, 5, 1, 3)	14
(4, 5, 1)	4	(4, 5, 1, 0)	(4, 5, 1, 4)	41/2
(4, 5, 1)	5	(4, 5, 1, 0)	(4, 5, 1, 5)	18
(4, 5, 2)	0	(4, 5, 2, 0)	(4, 5, 2, 0)	0
(4, 5, 2)	1	(4, 5, 2, 0)	(4, 5, 2, 1)	5
(4, 5, 2)	2	(4, 5, 2, 0)	(4, 5, 2, 2)	33/4
(4, 5, 2)	3	(4, 5, 2, 0)	(4, 5, 2, 3)	35/6
(4, 5, 2)	4	(4, 5, 2, 0)	(4, 5, 2, 4)	75/4
(4, 5, 2)	5	(4, 5, 2, 0)	(4, 5, 2, 5)	187/12
(4, 5, 3)	0	(4, 5, 3, 0)	(4, 5, 3, 0)	0
(4, 5, 3)	1	(4, 5, 3, 0)	(4, 5, 3, 1)	38/3
(4, 5, 3)	2	(4, 5, 3, 0)	(4, 5, 3, 2)	4/3
(4, 5, 3)	3	(4, 5, 3, 0)	(4, 5, 3, 3)	49/3
(4, 5, 3)	4	(4, 5, 3, 0)	(4, 5, 3, 4)	41/2
(4, 5, 3)	5	(4, 5, 3, 0)	(4, 5, 3, 5)	18
(4, 5, 4)	0	(4, 5, 4, 0)	(4, 5, 4, 0)	0
(4, 5, 4)	1	(4, 5, 4, 0)	(4, 5, 4, 1)	77/6
(4, 5, 4)	2	(4, 5, 4, 0)	(4, 5, 4, 2)	95/12
(4, 5, 4)	3	(4, 5, 4, 0)	(4, 5, 4, 3)	85/6
(4, 5, 4)	4	(4, 5, 4, 0)	(4, 5, 4, 4)	377/12
(4, 5, 4)	5	(4, 5, 4, 0)	(4, 5, 4, 5)	329/12
(4, 5, 5)	0	(4, 5, 5, 0)	(4, 5, 5, 0)	0
(4, 5, 5)	1	(4, 5, 5, 0)	(4, 5, 5, 1)	38/3
(4, 5, 5)	2	(4, 5, 5, 0)	(4, 5, 5, 2)	85/12
(4, 5, 5)	3	(4, 5, 5, 0)	(4, 5, 5, 3)	14
(4, 5, 5)	4	(4, 5, 5, 0)	(4, 5, 5, 4)	119/4
(4, 5, 5)	5	(4, 5, 5, 0)	(4, 5, 5, 5)	115/4
(5, 0, 0)	0	(5, 0, 0, 2)	(5, 0, 0, 0)	19/3
(5, 0, 0)	1	(5, 0, 0, 2)	(5, 0, 0, 1)	29/12
(5, 0, 0)	2	(5, 0, 0, 2)	(5, 0, 0, 2)	0
(5, 0, 0)	3	(5, 0, 0, 2)	(5, 0, 0, 3)	29/6
(5, 0, 0)	4	(5, 0, 0, 2)	(5, 0, 0, 4)	5
(5, 0, 0)	5	(5, 0, 0, 2)	(5, 0, 0, 5)	31/6
(5, 0, 1)	0	(5, 0, 1, 2)	(5, 0, 1, 0)	29/12
(5, 0, 1)	1	(5, 0, 1, 2)	(5, 0, 1, 1)	29/4
(5, 0, 1)	2	(5, 0, 1, 2)	(5, 0, 1, 2)	0
(5, 0, 1)	3	(5, 0, 1, 2)	(5, 0, 1, 3)	6
(5, 0, 1)	4	(5, 0, 1, 2)	(5, 0, 1, 4)	47/6
(5, 0, 1)	5	(5, 0, 1, 2)	(5, 0, 1, 5)	29/4
(5, 0, 2)	0	(5, 0, 2, 0)	(5, 0, 2, 0)	0
(5, 0, 2)	1	(5, 0, 2, 0)	(5, 0, 2, 1)	0
(5, 0, 2)	2	(5, 0, 2, 0)	(5, 0, 2, 2)	0
(5, 0, 2)	3	(5, 0, 2, 0)	(5, 0, 2, 3)	0
(5, 0, 2)	4	(5, 0, 2, 0)	(5, 0, 2, 4)	14/3
(5, 0, 2)	5	(5, 0, 2, 0)	(5, 0, 2, 5)	25/6
(5, 0, 3)	0	(5, 0, 3, 2)	(5, 0, 3, 0)	29/6
(5, 0, 3)	1	(5, 0, 3, 2)	(5, 0, 3, 1)	6
(5, 0, 3)	2	(5, 0, 3, 2)	(5, 0, 3, 2)	0
(5, 0, 3)	3	(5, 0, 3, 2)	(5, 0, 3, 3)	67/6
(5, 0, 3)	4	(5, 0, 3, 2)	(5, 0, 3, 4)	55/6
(5, 0, 3)	5	(5, 0, 3, 2)	(5, 0, 3, 5)	26/3
(5, 0, 4)	0	(5, 0, 4, 2)	(5, 0, 4, 0)	1/3
(5, 0, 4)	1	(5, 0, 4, 2)	(5, 0, 4, 1)	19/6
(5, 0, 4)	2	(5, 0, 4, 2)	(5, 0, 4, 2)	0
(5, 0, 4)	3	(5, 0, 4, 2)	(5, 0, 4, 3)	9/2
(5, 0, 4)	4	(5, 0, 4, 2)	(5, 0, 4, 4)	65/6
(5, 0, 4)	5	(5, 0, 4, 2)	(5, 0, 4, 5)	17/2
(5, 0, 5)	0	(5, 0, 5, 2)	(5, 0, 5, 0)	1
(5, 0, 5)	1	(5, 0, 5, 2)	(5, 0, 5, 1)	37/12
(5, 0, 5)	2	(5, 0, 5, 2)	(5, 0, 5, 2)	0
(5, 0, 5)	3	(5, 0, 5, 2)	(5, 0, 5, 3)	9/2
(5, 0, 5)	4	(5, 0, 5, 2)	(5, 0, 5, 4)	9
(5, 0, 5)	5	(5, 0, 5, 2)	(5, 0, 5, 5)	21/2
(5, 1, 0)	0	(5, 1, 0, 2)	(5, 1, 0, 0)	29/12
(5, 1, 0)	1	(5, 1, 0, 2)	(5, 1, 0, 1)	29/4
(5, 1, 0)	2	(5, 1, 0, 2)	(5, 1, 0, 2)	0
(5, 1, 0)	3	(5, 1, 0, 2)	(5, 1, 0, 3)	6
(5, 1, 0)	4	(5, 1, 0, 2)	(5, 1, 0, 4)	47/6
(5, 1, 0)	5	(5, 1, 0, 2)	(5, 1, 0, 5)	29/4
(5, 1, 1)	0	(5, 1, 1, 2)	(5, 1, 1, 0)	5/12
(5, 1, 1)	1	(5, 1, 1, 2)	(5, 1, 1, 1)	215/12
(5, 1, 1)	2	(5, 1, 1, 2)	(5, 1, 1, 2)	0
(5, 1, 1)	3	(5, 1, 1, 2)	(5, 1, 1, 3)	41/3
(5, 1, 1)	4	(5, 1, 1, 2)	(5, 1, 1, 4)	95/6
(5, 1, 1)	5	(5, 1, 1, 2)	(5, 1, 1, 5)	179/12
(5, 1, 2)	0	(5, 1, 2, 0)	(5, 1, 2, 0)	0
(5, 1, 2)	1	(5, 1, 2, 0)	(5, 1, 2, 1)	41/6
(5, 1, 2)	2	(5, 1, 2, 0)	(5, 1, 2, 2)	2
(5, 1, 2)	3	(5, 1, 2, 0)	(5, 1, 2, 3)	14/3
(5, 1, 2)	4	(5, 1, 2, 0)	(5, 1, 2, 4)	29/3
(5, 1, 2)	5	(5, 1, 2, 0)	(5, 1, 2, 5)	17/2
(5, 1, 3)	0	(5, 1, 3, 2)	(5, 1, 3, 0)	4/3
(5, 1, 3)	1	(5, 1, 3, 2)	(5, 1, 3, 1)	95/6
(5, 1, 3)	2	(5, 1, 3, 2)	(5, 1, 3, 2)	0
(5, 1, 3)	3	(5, 1, 3, 2)	(5, 1, 3, 3)	52/3
(5, 1, 3)	4	(5, 1, 3, 2)	(5, 1, 3, 4)	103/6
(5, 1, 3)	5	(5, 1, 3, 2)	(5, 1, 3, 5)	16
(5, 1, 4)	0	(5, 1, 4, 0)	(5, 1, 4, 0)	0
(5, 1, 4)	1	(5, 1, 4, 0)	(5, 1, 4, 1)	89/6
(5, 1, 4)	2	(5, 1, 4, 0)	(5, 1, 4, 2)	11/6
(5, 1, 4)	3	(5, 1, 4, 0)	(5, 1, 4, 3)	14
(5, 1, 4)	4	(5, 1, 4, 0)	(5, 1, 4, 4)	41/2
(5, 1, 4)	5	(5, 1, 4, 0)	(5, 1, 4, 5)	18
(5, 1, 5)	0	(5, 1, 5, 0)	(5, 1, 5, 0)	0
(5, 1, 5)	1	(5, 1, 5, 0)	(5, 1, 5, 1)	29/2
(5, 1, 5)	2	(5, 1, 5, 0)	(5, 1, 5, 2)	5/4
(5, 1, 5)	3	(5, 1, 5, 0)	(5, 1, 5, 3)	161/12
(5, 1, 5)	4	(5, 1, 5, 0)	(5, 1, 5, 4)	223/12
(5, 1, 5)	5	(5, 1, 5, 0)	(5, 1, 5, 5)	115/6
(5, 2, 0)	0	(5, 2, 0, 0)	(5, 2, 0, 0)	0
(5, 2, 0)	1	(5, 2, 0, 0)	(5, 2, 0, 1)	0
(5, 2, 0)	2	(5, 2, 0, 0)	(5, 2, 0, 2)	0
(5, 2, 0)	3	(5, 2, 0, 0)	(5, 2, 0, 3)	0
(5, 2, 0)	4	(5, 2, 0, 0)	(5, 2, 0, 4)	14/3
(5, 2, 0)	5	(5, 2, 0, 0)	(5, 2, 0, 5)	25/6
(5, 2, 1)	0	(5, 2, 1, 0)	(5, 2, 1, 0)	0
(5, 2, 1)	1	(5, 2, 1, 0)	(5, 2, 1, 1)	41/6
(5, 2, 1)	2	(5, 2, 1, 0)	(5, 2, 1, 2)	2
(5, 2, 1)	3	(5, 2, 1, 0)	(5, 2, 1, 3)	14/3
(5, 2, 1)	4	(5, 2, 1, 0)	(5, 2, 1, 4)	29/3
(5, 2, 1)	5	(5, 2, 1, 0)	(5, 2, 1, 5)	17/2
(5, 2, 2)	0	(5, 2, 2, 0)	(5, 2, 2, 0)	0
(5, 2, 2)	1	(5, 2, 2, 0)	(5, 2, 2, 1)	2
(5, 2, 2)	2	(5, 2, 2, 0)	(5, 2, 2, 2)	101/12
(5, 2, 2)	3	(5, 2, 2, 0)	(5, 2, 2, 3)	3/2
(5, 2, 2)	4	(5, 2, 2, 0)	(5, 2, 2, 4)	155/12
(5, 2, 2)	5	(5, 2, 2, 0)	(5, 2, 2, 5)	137/12
(5, 2, 3)	0	(5, 2, 3, 0)	(5, 2, 3, 0)	0
(5, 2, 3)	1	(5, 2, 3, 0)	(5, 2, 3, 1)	14/3
(5, 2, 3)	2	(5, 2, 3, 0)	(5, 2, 3, 2)	3/2
(5, 2, 3)	3	(5, 2, 3, 0)	(5, 2, 3, 3)	47/6
(5, 2, 3)	4	(5, 2, 3, 0)	(5, 2, 3, 4)	21/2
(5, 2, 3)	5	(5, 2, 3, 0)	(5, 2, 3, 5)	26/3
(5, 2, 4)	0	(5, 2, 4, 0)	(5, 2, 4, 0)	0
(5, 2, 4)	1	(5, 2, 4, 0)	(5, 2, 4, 1)	5
(5, 2, 4)	2	(5, 2, 4, 0)	(5, 2, 4, 2)	33/4
(5, 2, 4)	3	(5, 2, 4, 0)	(5, 2, 4, 3)	35/6
(5, 2, 4)	4	(5, 2, 4, 0)	(5, 2, 4, 4)	75/4
(5, 2, 4)	5	(5, 2, 4, 0)	(5, 2, 4, 5)	187/12
(5, 2, 5)	0	(5, 2, 5, 0)	(5, 2, 5, 0)	0
(5, 2, 5)	1	(5, 2, 5, 0)	(5, 2, 5, 1)	13/3
(5, 2, 5)	2	(5, 2, 5, 0)	(5, 2, 5, 2)	29/4
(5, 2, 5)	3	(5, 2, 5, 0)	(5, 2, 5, 3)	9/2
(5, 2, 5)	4	(5, 2, 5, 0)	(5, 2, 5, 4)	193/12
(5, 2, 5)	5	(5, 2, 5, 0)	(5, 2, 5, 5)	67/4
(5, 3, 0)	0	(5, 3, 0, 2)	(5, 3, 0, 0)	29/6
(5, 3, 0)	1	(5, 3, 0, 2)	(5, 3, 0, 1)	6
(5, 3, 0)	2	(5, 3, 0, 2)	(5, 3, 0, 2)	0
(5, 3, 0)	3	(5, 3, 0, 2)	(5, 3, 0, 3)	67/6
(5, 3, 0)	4	(5, 3, 0, 2)	(5, 3, 0, 4)	55/6
(5, 3, 0)	5	(5, 3, 0, 2)	(5, 3, 0, 5)	26/3
(5, 3, 1)	0	(5, 3, 1, 2)	(5, 3, 1, 0)	4/3
(5, 3, 1)	1	(5, 3, 1, 2)	(5, 3, 1, 1)	95/6
(5, 3, 1)	2	(5, 3, 1, 2)	(5, 3, 1, 2)	0
(5, 3, 1)	3	(5, 3, 1, 2)	(5, 3, 1, 3)	52/3
(5, 3, 1)	4	(5, 3, 1, 2)	(5, 3, 1, 4)	103/6
(5, 3, 1)	5	(5, 3, 1, 2)	(5, 3, 1, 5)	16
(5, 3, 2)	0	(5, 3, 2, 0)	(5, 3, 2, 0)	0
(5, 3, 2)	1	(5, 3, 2, 0)	(5, 3, 2, 1)	14/3
(5, 3, 2)	2	(5, 3, 2, 0)	(5, 3, 2, 2)	3/2
(5, 3, 2)	3	(5, 3, 2, 0)	(5, 3, 2, 3)	47/6
(5, 3, 2)	4	(5, 3, 2, 0)	(5, 3, 2, 4)	21/2
(5, 3, 2)	5	(5, 3, 2, 0)	(5, 3, 2, 5)	26/3
(5, 3, 3)	0	(5, 3, 3, 2)	(5, 3, 3, 0)	10/3
(5, 3, 3)	1	(5, 3, 3, 2)	(5, 3, 3, 1)	85/6
(5, 3, 3)	2	(5, 3, 3, 2)	(5, 3, 3, 2)	0
(5, 3, 3)	3	(5, 3, 3, 2)	(5, 3, 3, 3)	22
(5, 3, 3)	4	(5, 3, 3, 2)	(5, 3, 3, 4)	53/3
(5, 3, 3)	5	(5, 3, 3, 2)	(5, 3, 3, 5)	103/6
(5, 3, 4)	0	(5, 3, 4, 0)	(5, 3, 4, 0)	0
(5, 3, 4)	1	(5, 3, 4, 0)	(5, 3, 4, 1)	38/3
(5, 3, 4)	2	(5, 3, 4, 0)	(5, 3, 4, 2)	4/3
(5, 3, 4)	3	(5, 3, 4, 0)	(5, 3, 4, 3)	49/3
(5, 3, 4)	4	(5, 3, 4, 0)	(5, 3, 4, 4)	41/2
(5, 3, 4)	5	(5, 3, 4, 0)	(5, 3, 4, 5)	18
(5, 3, 5)	0	(5, 3, 5, 2)	(5, 3, 5, 0)	0
(5, 3, 5)	1	(5, 3, 5, 2)	(5, 3, 5, 1)	12
(5, 3, 5)	2	(5, 3, 5, 2)	(5, 3, 5, 2)	0
(5, 3, 5)	3	(5, 3, 5, 2)	(5, 3, 5, 3)	49/3
(5, 3, 5)	4	(5, 3, 5, 2)	(5, 3, 5, 4)	37/2
(5, 3, 5)	5	(5, 3, 5, 2)	(5, 3, 5, 5)	39/2
(5, 4, 0)	0	(5, 4, 0, 2)	(5, 4, 0, 0)	1/3
(5, 4, 0)	1	(5, 4, 0, 2)	(5, 4, 0, 1)	19/6
(5, 4, 0)	2	(5, 4, 0, 2)	(5, 4, 0, 2)	0
(5, 4, 0)	3	(5, 4, 0, 2)	(5, 4, 0, 3)	9/2
(5, 4, 0)	4	(5, 4, 0, 2)	(5, 4, 0, 4)	65/6
(5, 4, 0)	5	(5, 4, 0, 2)	(5, 4, 0, 5)	17/2
(5, 4, 1)	0	(5, 4, 1, 0)	(5, 4, 1, 0)	0
(5, 4, 1)	1	(5, 4, 1, 0)	(5, 4, 1, 1)	89/6
(5, 4, 1)	2	(5, 4, 1, 0)	(5, 4, 1, 2)	11/6
(5, 4, 1)	3	(5, 4, 1, 0)	(5, 4, 1, 3)	14
(5, 4, 1)	4	(5, 4, 1, 0)	(5, 4, 1, 4)	41/2
(5, 4, 1)	5	(5, 4, 1, 0)	(5, 4, 1, 5)	18
(5, 4, 2)	0	(5, 4, 2, 0)	(5, 4, 2, 0)	0
(5, 4, 2)	1	(5, 4, 2, 0)	(5, 4, 2, 1)	5
(5, 4, 2)	2	(5, 4, 2, 0)	(5, 4, 2, 2)	33/4
(5, 4, 2)	3	(5, 4, 2, 0)	(5, 4, 2, 3)	35/6
(5, 4, 2)	4	(5, 4, 2, 0)	(5, 4, 2, 4)	75/4
(5, 4, 2)	5	(5, 4, 2, 0)	(5, 4, 2, 5)	187/12
(5, 4, 3)	0	(5, 4, 3, 0)	(5, 4, 3, 0)	0
(5, 4, 3)	1	(5, 4, 3, 0)	(5, 4, 3, 1)	38/3
(5, 4, 3)	2	(5, 4, 3, 0)	(5, 4, 3, 2)	4/3
(5, 4, 3)	3	(5, 4, 3, 0)	(5, 4, 3, 3)	49/3
(5, 4, 3)	4	(5, 4, 3, 0)	(5, 4, 3, 4)	41/2
(5, 4, 3)	5	(5, 4, 3, 0)	(5, 4, 3, 5)	18
(5, 4, 4)	0	(5, 4, 4, 0)	(5, 4, 4, 0)	0
(5, 4, 4)	1	(5, 4, 4, 0)	(5, 4, 4, 1)	77/6
(5, 4, 4)	2	(5, 4, 4, 0)	(5, 4, 4, 2)	95/12
(5, 4, 4)	3	(5, 4, 4, 0)	(5, 4, 4, 3)	85/6
(5, 4, 4)	4	(5, 4, 4, 0)	(5, 4, 4, 4)	377/12
(5, 4, 4)	5	(5, 4, 4, 0)	(5, 4, 4, 5)	329/12
(5, 4, 5)	0	(5, 4, 5, 0)	(5, 4, 5, 0)	0
(5, 4, 5)	1	(5, 4, 5, 0)	(5, 4, 5, 1)	38/3
(5, 4, 5)	2	(5, 4, 5, 0)	(5, 4, 5, 2)	85/12
(5, 4, 5)	3	(5, 4, 5, 0)	(5, 4, 5, 3)	14
(5, 4, 5)	4	(5, 4, 5, 0)	(5, 4, 5, 4)	119/4
(5, 4, 5)	5	(5, 4, 5, 0)	(5, 4, 5, 5)	115/4
(5, 5, 0)	0	(5, 5, 0, 2)	(5, 5, 0, 0)	1
(5, 5, 0)	1	(5, 5, 0, 2)	(5, 5, 0, 1)	37/12
(5, 5, 0)	2	(5, 5, 0, 2)	(5, 5, 0, 2)	0
(5, 5, 0)	3	(5, 5, 0, 2)	(5, 5, 0, 3)	9/2
(5, 5, 0)	4	(5, 5, 0, 2)	(5, 5, 0, 4)	9
(5, 5, 0)	5	(5, 5, 0, 2)	(5, 5, 0, 5)	21/2
(5, 5, 1)	0	(5, 5, 1, 0)	(5, 5, 1, 0)	0
(5, 5, 1)	1	(5, 5, 1, 0)	(5, 5, 1, 1)	29/2
(5, 5, 1)	2	(5, 5, 1, 0)	(5, 5, 1, 2)	5/4
(5, 5, 1)	3	(5, 5, 1, 0)	(5, 5, 1, 3)	161/12
(5, 5, 1)	4	(5, 5, 1, 0)	(5, 5, 1, 4)	223/12
(5, 5, 1)	5	(5, 5, 1, 0)	(5, 5, 1, 5)	115/6
(5, 5, 2)	0	(5, 5, 2, 0)	(5, 5, 2, 0)	0
(5, 5, 2)	1	(5, 5, 2, 0)	(5, 5, 2, 1)	13/3
(5, 5, 2)	2	(5, 5, 2, 0)	(5, 5, 2, 2)	29/4
(5, 5, 2)	3	(5, 5, 2, 0)	(5, 5, 2, 3)	9/2
(5, 5, 2)	4	(5, 5, 2, 0)	(5, 5, 2, 4)	193/12
(5, 5, 2)	5	(5, 5, 2, 0)	(5, 5, 2, 5)	67/4
(5, 5, 3)	0	(5, 5, 3, 2)	(5, 5, 3, 0)	0
(5, 5, 3)	1	(5, 5, 3, 2)	(5, 5, 3, 1)	12
(5, 5, 3)	2	(5, 5, 3, 2)	(5, 5, 3, 2)	0
(5, 5, 3)	3	(5, 5, 3, 2)	(5, 5, 3, 3)	49/3
(5, 5, 3)	4	(5, 5, 3, 2)	(5, 5, 3, 4)	37/2
(5, 5, 3)	5	(5, 5, 3, 2)	(5, 5, 3, 5)	39/2
(5, 5, 4)	0	(5, 5, 4, 0)	(5, 5, 4, 0)	0
(5, 5, 4)	1	(5, 5, 4, 0)	(5, 5, 4, 1)	38/3
(5, 5, 4)	2	(5, 5, 4, 0)	(5, 5, 4, 2)	85/12
(5, 5, 4)	3	(5, 5, 4, 0)	(5, 5, 4, 3)	14
(5, 5, 4)	4	(5, 5, 4, 0)	(5, 5, 4, 4)	119/4
(5, 5, 4)	5	(5, 5, 4, 0)	(5, 5, 4, 5)	115/4
(5, 5, 5)	0	(5, 5, 5, 0)	(5, 5, 5, 0)	0
(5, 5, 5)	1	(5, 5, 5, 0)	(5, 5, 5, 1)	47/4
(5, 5, 5)	2	(5, 5, 5, 0)	(5, 5, 5, 2)	25/4
(5, 5, 5)	3	(5, 5, 5, 0)	(5, 5, 5, 3)	27/2
(5, 5, 5)	4	(5, 5, 5, 0)	(5, 5, 5, 4)	109/4
(5, 5, 5)	5	(5, 5, 5, 0)	(5, 5, 5, 5)	121/4
